year,trades,days,mean_excess_bps,daymean_bps,se_bps,z,hit_rate,mean_short_gross_bps,mean_bench_bps,mean_funding_bps,share_stop,run,col
2020,352,51,8.198187756202524,161.44310511934123,133.560038332608,1.208768035220949,0.59375,-185.91035280513316,246.45326124540023,9.835145983389879,0.08238636363636363,perp,excess
2021,753,57,-7.111691833234672,91.21028192489715,220.59444411589632,0.4134749734538959,0.602921646746348,-600.2721069134009,633.0935953964733,13.365161139641932,0.10358565737051793,perp,excess
2022,889,79,-79.48282484481086,-2.184479029306233,229.84900966333004,-0.009503974076311816,0.4938132733408324,431.2949593303298,-443.74821933463795,-18.327727210562134,0.06299212598425197,perp,excess
2020,352,51,-1.63695822718735,158.850637761077,133.14290018865427,1.1930838034622697,0.59375,-185.91035280513316,246.45326124540023,9.835145983389879,0.08238636363636363,perp,excess_nofund
2021,753,57,-20.4768529728766,56.161431744253974,220.27598359408793,0.254959396062646,0.5976095617529881,-600.2721069134009,633.0935953964733,13.365161139641932,0.10358565737051793,perp,excess_nofund
2022,889,79,-61.155097634248726,41.47298600187397,215.71407166767554,0.19225906627809777,0.4983127109111361,431.2949593303298,-443.74821933463795,-18.327727210562134,0.06299212598425197,perp,excess_nofund
2018,154,37,-53.521208236202064,1.517057442836333,59.21425710244418,0.025619800316193,0.5064935064935064,260.38865702118886,-283.909865257391,0.0,0.03896103896103896,spot,excess
2019,481,62,2.997238093282433,89.3452114648326,73.21273528432998,1.220350682403141,0.5488565488565489,0.05676070564629988,44.99868944584824,0.0,0.12474012474012475,spot,excess
2020,862,99,-12.697236095051304,111.05317253544902,96.47436147337537,1.1511159114133869,0.5951276102088167,-24.87082390368932,57.9972537019095,0.0,0.10324825986078887,spot,excess
2021,905,66,22.77008331829163,109.60358259235834,228.44571306569063,0.47977955515777754,0.6088397790055249,-572.9786111597202,642.0801861907192,0.0,0.10607734806629834,spot,excess
2022,1089,107,-45.09345173696321,191.35239419483852,145.42541704352408,1.3158112115818728,0.5142332415059688,452.7102825763642,-451.64211815171114,0.0,0.06519742883379247,spot,excess
2018,154,37,-524.2588170965402,-485.48425649433125,65.47149365425534,-7.415200561302256,0.15584415584415584,260.38865702118886,-283.909865257391,0.0,0.03896103896103896,spot,excess_spec
2019,481,62,-507.21575033096667,-432.1066323333891,72.51501730814643,-5.958857190879352,0.2494802494802495,0.05676070564629988,44.99868944584824,0.0,0.12474012474012475,spot,excess_spec
2020,862,99,-635.7222379554981,-513.9924064419488,101.46215954834291,-5.065853208033195,0.2679814385150812,-24.87082390368932,57.9972537019095,0.0,0.10324825986078887,spot,excess_spec
2021,905,66,-598.896390991061,-517.4950585083253,228.1515498327619,-2.268207508945944,0.343646408839779,-572.9786111597202,642.0801861907192,0.0,0.10607734806629834,spot,excess_spec
2022,1089,107,-523.0681736136208,-361.2351304727831,155.30272904114102,-2.326006327790214,0.22130394857667585,452.7102825763642,-451.64211815171114,0.0,0.06519742883379247,spot,excess_spec
2018,154,37,-23.521208236202042,31.517057442836364,59.21425710244418,0.5322545445146762,0.525974025974026,260.38865702118886,-283.909865257391,0.0,0.03896103896103896,spot,excess_0
2019,481,62,45.05545015149451,132.79880513869648,73.0014611270794,1.8191253036363637,0.5821205821205822,0.05676070564629988,44.99868944584824,0.0,0.12474012474012475,spot,excess_0
2020,862,99,33.12642979822017,157.26606226766208,96.41392282899963,1.6311551034656084,0.6160092807424594,-24.87082390368932,57.9972537019095,0.0,0.10324825986078887,spot,excess_0
2021,905,66,69.10157503099883,155.57632777590797,228.3782286084959,0.6812222370049522,0.625414364640884,-572.9786111597202,642.0801861907192,0.0,0.10607734806629834,spot,excess_0
2022,1089,107,1.068164424652983,238.72580696728835,145.4234778180044,1.641590550227733,0.55188246097337,452.7102825763642,-451.64211815171114,0.0,0.06519742883379247,spot,excess_0
2020,133,20,-130.7740763138218,35.15740599098857,105.51602637097635,0.3331949391970195,0.48872180451127817,-113.7571753696833,39.613489132301225,6.915987924284268,0.03759398496240601,perp_shock3,excess
2021,287,21,14.258315084224064,355.8922019576293,168.81648908377355,2.1081601915143566,0.5609756097560976,-630.3705038550694,700.2369928412706,-0.18957053891044892,0.0313588850174216,perp_shock3,excess
2022,369,32,-126.47810353245623,-67.50529306992509,491.72486820985404,-0.1372826501854199,0.46070460704607047,614.599379516452,-657.9104136855682,-33.92130422956264,0.016260162601626018,perp_shock3,excess
2020,250,43,-68.97445568981848,89.08925545291952,89.12930461542595,0.9995506622352858,0.532,-520.9437878707062,523.4576356068092,1.1838389259873416,0.14,perp_z20,excess
2021,468,66,-93.55348839941155,-169.70236907523864,295.22430697011794,-0.5748251924676907,0.5576923076923077,-549.3272897160782,505.9292229828182,2.288600377810363,0.11324786324786325,perp_z20,excess
2022,702,82,-35.578930938490934,-60.59153441105673,192.34513868137535,-0.3150146389268936,0.5156695156695157,462.11232975538917,-426.57597727745843,-22.717262112986504,0.05128205128205128,perp_z20,excess
2018,61,14,52.75185322519048,75.75091481603562,137.140985398094,0.5523579591917415,0.5737704918032787,469.5710326283265,-386.819179403136,0.0,0.04918032786885246,spot_shock3,excess
2019,195,26,40.83024994548316,197.1534179572082,108.09358401723277,1.8239141550323383,0.5897435897435898,-56.64676308272544,138.861628412824,0.0,0.06153846153846154,spot_shock3,excess
2020,315,35,-58.80682174590543,14.282460204409485,146.51652281071196,0.0974802017575951,0.5206349206349207,32.71522870972361,-46.15697109054978,0.0,0.04126984126984127,spot_shock3,excess
2021,331,24,73.14743696239441,570.7369806903431,235.20087495385593,2.426593782027027,0.5891238670694864,-594.8998240137757,714.3614603719406,0.0,0.030211480362537766,spot_shock3,excess
2022,455,45,-56.56940402094322,165.23945612570034,264.0881385257051,0.6256981364182576,0.5054945054945055,649.8425362659933,-660.4119402869364,0.0,0.026373626373626374,spot_shock3,excess
2018,113,37,0.1955452141142907,102.13520003434738,114.18312645684281,0.8944859297835995,0.5752212389380531,487.1872733838922,-456.9917281697779,0.0,0.08849557522123894,spot_z20,excess
2019,422,69,-46.67557513920248,-22.53563921521037,65.0301408927074,-0.346541448409157,0.542654028436019,41.16658031112665,-45.42509383895471,0.0,0.17298578199052134,spot_z20,excess
2020,587,88,-30.548646480816974,116.24374399657918,82.67164011047471,1.4060897284878082,0.555366269165247,-501.1611228192113,516.8646058102853,0.0,0.16183986371379896,spot_z20,excess
2021,566,72,-83.32047112304524,-59.84179017227437,182.8635999336504,-0.3272482341700982,0.5671378091872792,-532.2845412584187,495.1831514074583,0.0,0.12367491166077739,spot_z20,excess
2022,884,98,-19.77116029565477,162.49443129746487,108.07600605006044,1.5035199507853574,0.5339366515837104,476.11391975716026,-449.5954872926339,0.0,0.058823529411764705,spot_z20,excess
