run,instrument,cost,candidates,trades,entry_days,mean_excess_bps,median_excess_bps,hit_rate,daymean_bps,se_bps,z,z_wo_top10,days_wo_top10,top10_share_abs_pnl,mean_short_gross_bps,mean_bench_bps,mean_cost_tier_bps,mean_cost_spec_bps,mean_funding_bps,mean_short_net_bps,mean_sessions_held,share_stop,share_stop_open,share_time,share_truncated,skipped_held,unfilled_no_bar,unfilled_zero_range,vol_fallback_trades,perp_candidates_dropped_not_listed_on_D,funding_share_of_net
perp,perp,tier+funding,2445,1994,187,-36.67481100665961,105.91419975558335,0.5526579739217653,70.90914752668635,123.1174112201517,0.5759473564619594,2.642071648838318,177,0.3022188112167638,-67.21370203035835,84.74366013211251,52.81689961699641,,-1.3878694914173144,-121.41847113877203,4.77382146439318,0.08174523570712136,0.003009027081243731,0.9122367101303912,0.006018054162487462,445,4,2,35,375,0.011430464231682556
perp,perp,"tier, zero funding",2445,1994,187,-35.28694151524229,96.80448481836218,0.5526579739217653,77.96229962238209,118.36243372933497,0.6586743544042208,2.3851941568232036,177,0.3027437782747913,-67.21370203035835,84.74366013211251,52.81689961699641,,-1.3878694914173144,-121.41847113877203,4.77382146439318,0.08174523570712136,0.003009027081243731,0.9122367101303912,0.006018054162487462,445,4,2,35,375,
perp,perp,"zero cost, with funding",2445,1994,187,16.14208861033679,159.5802998901948,0.5867602808425276,126.34758514808645,122.78453532729009,1.0290187181252006,3.1369367033640887,177,0.2838414377257399,-67.21370203035835,84.74366013211251,52.81689961699641,,-1.3878694914173144,-121.41847113877203,4.77382146439318,0.08174523570712136,0.003009027081243731,0.9122367101303912,0.006018054162487462,445,4,2,35,375,
spot,spot,tier,4351,3491,371,-13.2470511595358,112.8049912279366,0.5631624176453738,119.40253624570725,65.00921247602206,1.8367017796092757,2.62627759960157,361,0.20117161662597402,-1.963804210308634,33.56063732461996,44.84388427384703,600.007511364625,0.0,-46.807688484155754,4.7525064451446575,0.09223718132340304,0.0025780578630764826,0.9046118590661701,0.003150959610426812,857,1,2,0,0,-0.0
spot,spot,spec,4351,3491,371,-568.4106782503136,-412.89319563095296,0.2655399598968777,-454.031293139759,67.41970865820083,-6.734400106081314,-6.415938284351341,361,0.26966287038884523,-1.963804210308634,33.56063732461996,44.84388427384703,600.007511364625,0.0,-46.807688484155754,4.7525064451446575,0.09223718132340304,0.0025780578630764826,0.9046118590661701,0.003150959610426812,857,1,2,0,0,
spot,spot,zero cost,4351,3491,371,31.59683311431125,155.46959626517088,0.5898023488971641,163.82936977679907,64.99859239260617,2.520506425542767,3.3009237112106993,361,0.1998642449633886,-1.963804210308634,33.56063732461996,44.84388427384703,600.007511364625,0.0,-46.807688484155754,4.7525064451446575,0.09223718132340304,0.0025780578630764826,0.9046118590661701,0.003150959610426812,857,1,2,0,0,
perp_placebo,perp,tier+funding (placebo lag 20),2401,2007,192,-30.344846728611426,47.372833678195406,0.5381165919282511,0.2715874259343401,52.371625132286326,0.005185774267045047,0.022768679688670367,182,0.23826146410296345,-140.07859214151114,154.85341476980824,56.651713266901126,,11.532043909992579,-185.19826149841964,4.032386646736422,0.3278525161933234,0.04035874439461883,0.669157947184853,0.0029895366218236174,394,0,0,34,416,-0.062268640195042996
spot_placebo,spot,tier (placebo lag 20),4309,3535,380,-51.86128803585558,47.90138242056971,0.5323903818953324,-73.93843760780548,45.09023806370133,-1.6397881400259806,-1.440486408748268,370,0.1614190050146037,-138.49258631882262,131.4658103055979,44.83451202263083,824.0411495643596,0.0,-183.32709834145348,4.034229137199434,0.32814710042432815,0.03620933521923621,0.6695898161244696,0.002263083451202263,770,2,2,0,0,-0.0
perp_h1,perp,"tier+funding, hold 1",2445,2295,197,-62.73060689008111,2.596233844207527,0.5058823529411764,-99.29103750375623,80.70799373434714,-1.2302503495573902,0.023242989753034918,187,0.37734721655624254,-186.97593985291255,180.45075111270464,53.09585387026213,,-3.109564279611062,-243.18135800278571,1.0,0.0,0.0,1.0,0.0,144,4,2,39,375,0.012787017496528007
spot_h1,spot,"tier, hold 1",4351,4063,385,-49.02025527913661,14.071501124750114,0.5215358109771105,-41.50400200342246,46.656200419978106,-0.8895709815591952,0.5616709710517905,375,0.23954636931150153,-179.65411099528316,175.31758694922559,44.68373123307901,608.8480466487722,0.0,-224.3378422283622,1.0,0.0,0.0,1.0,0.0,285,1,2,0,0,-0.0
perp_h3,perp,"tier+funding, hold 3",2445,2142,192,-46.073284645126094,66.04880876757677,0.5597572362278245,-3.9777361940439526,90.78239879838418,-0.043816160915487415,1.419639173875363,182,0.33526989712159283,-151.0643395003067,163.50803130599073,53.267527043657445,,-5.249449407152812,-209.58131595111686,2.9313725490196076,0.0457516339869281,0.0028011204481792717,0.9491129785247432,0.005135387488328665,297,4,2,39,375,0.02504731580355762
spot_h3,spot,"tier, hold 3",4351,3764,378,-26.457252759707306,79.0515311893647,0.5706695005313497,54.461062453269605,58.84877479118071,0.9254408888973392,2.0464259089061847,368,0.2127080433453608,-122.68057183107877,140.92576327966046,44.70244420828906,605.241100482918,0.0,-167.3830160393678,2.9264080765143463,0.048618490967056324,0.002656748140276302,0.9487247608926673,0.002656748140276302,584,1,2,0,0,-0.0
perp_h10,perp,"tier+funding, hold 10",2445,1806,184,-49.28106711135819,112.69546623298366,0.5487264673311185,129.35908599671805,140.1505905342393,0.9230006488279132,1.3382181913313895,174,0.29843855212239884,-147.11842549002154,145.62281961556968,53.04971073767958,,5.264249500773376,-194.9038867269278,9.050387596899224,0.1688815060908084,0.0027685492801771874,0.82281284606866,0.008305647840531562,633,4,2,34,375,-0.027009463942342563
spot_h10,spot,"tier, hold 10",4351,3200,362,-23.483907861259638,142.28541326790761,0.5546875,161.05926736532297,81.27328550595918,1.981699968970907,2.3747047039700875,352,0.19989005754908118,-75.47001196428492,96.84235410302534,44.85625,602.0986350212356,0.0,-120.32626196428497,8.9975,0.1778125,0.0025,0.8175,0.0046875,1148,1,2,0,0,-0.0
perp_shock3,perp,"tier+funding, shock<=-3",913,789,73,-76.00917100639082,4.133953505368049,0.5019011406844106,82.42075318756685,221.72435831812467,0.3717262001016215,2.770020456349782,63,0.5831335920883428,38.96214462737384,-46.302067997381435,53.90176777396734,,-14.767479862415847,-29.707103009009394,4.937896070975919,0.025348542458808618,0.0,0.9708491761723701,0.0038022813688212928,121,1,2,11,116,0.4971026578369912
spot_shock3,spot,"tier, shock<=-3",1572,1357,144,-6.537703949027993,87.07220728315781,0.5445836403831983,193.19340863674304,100.97621822502899,1.9132565274548592,2.6055998399158944,134,0.3545163100553945,93.34526417481695,-55.33617372443439,44.546794399410466,604.8405531219004,0.0,48.79846977540644,4.906411201179072,0.036845983787767135,0.0007369196757553427,0.9616801768607222,0.0014738393515106854,213,1,1,0,0,0.0
perp_z20,perp,"tier+funding, zscore_20<=-2",3135,1420,191,-60.56553240295765,56.06600963601681,0.532394366197183,-64.59698532040241,132.35576296052315,-0.48805570589071606,2.3343305448051472,181,0.3794893587040197,-44.30863596233654,48.01616141470803,54.00510483067811,,-10.267953024651014,-108.58169381766558,4.773239436619718,0.08732394366197183,0.004225352112676056,0.9084507042253521,0.004225352112676056,1711,2,2,27,365,0.09456431064607762
spot_z20,spot,"tier, zscore_20<=-2",5654,2572,364,-39.75277758195587,84.07745296464351,0.5493779160186625,66.1245553348025,53.22898629711783,1.2422659143967751,2.5598506117678244,354,0.23529269577040854,-39.714411196787374,44.87609706739758,44.914463452566096,621.5490574437032,0.0,-84.62887464935353,4.691290824261276,0.1166407465007776,0.0042768273716951785,0.8821928460342147,0.0011664074650077762,3080,1,1,0,0,-0.0
