spot,perp,multiplier,alternatives
1INCHUSDT,,,
AAVEUSDT,AAVEUSDT,1.0,
ACAUSDT,,,
ACHUSDT,,,
ACMUSDT,,,
ADAUSDT,ADAUSDT,1.0,
ADXUSDT,,,
AGLDUSDT,,,
AIONUSDT,,,
AKROUSDT,AKROUSDT,1.0,
ALCXUSDT,,,
ALGOUSDT,ALGOUSDT,1.0,
ALICEUSDT,ALICEUSDT,1.0,
ALPACAUSDT,,,
ALPHAUSDT,ALPHAUSDT,1.0,
ALPINEUSDT,,,
AMPUSDT,,,
ANCUSDT,ANCUSDT,1.0,
ANKRUSDT,ANKRUSDT,1.0,
ANTUSDT,ANTUSDT,1.0,
ANYUSDT,,,
APEUSDT,APEUSDT,1.0,
API3USDT,API3USDT,1.0,
APTUSDT,APTUSDT,1.0,
ARDRUSDT,,,
ARPAUSDT,ARPAUSDT,1.0,
ARUSDT,ARUSDT,1.0,
ASRUSDT,,,
ASTRUSDT,,,
ATAUSDT,ATAUSDT,1.0,
ATMUSDT,,,
ATOMUSDT,ATOMUSDT,1.0,
AUCTIONUSDT,,,
AUDIOUSDT,AUDIOUSDT,1.0,
AUTOUSDT,,,
AVAUSDT,,,
AVAXUSDT,AVAXUSDT,1.0,
AXSUSDT,AXSUSDT,1.0,
BADGERUSDT,,,
BAKEUSDT,BAKEUSDT,1.0,
BALUSDT,BALUSDT,1.0,
BANDUSDT,BANDUSDT,1.0,
BARUSDT,,,
BATUSDT,BATUSDT,1.0,
BCCUSDT,,,
BCHABCUSDT,,,
BCHSVUSDT,,,
BCHUSDT,BCHUSDT,1.0,
BEAMUSDT,,,
BELUSDT,BELUSDT,1.0,
BETAUSDT,,,
BICOUSDT,,,
BIFIUSDT,,,
BKRWUSDT,,,
BLZUSDT,BLZUSDT,1.0,
BNBUSDT,BNBUSDT,1.0,
BNTUSDT,,,
BNXUSDT,BNXUSDT,1.0,
BONDUSDT,,,
BSWUSDT,,,
BTCSTUSDT,BTCSTUSDT,1.0,
BTCUSDT,BTCUSDT,1.0,
BTGUSDT,,,
BTSUSDT,BTSUSDT,1.0,
BTTCUSDT,1000BTTCUSDT,1000.0,
BTTUSDT,BTTUSDT,1.0,
BURGERUSDT,,,
BZRXUSDT,BZRXUSDT,1.0,
C98USDT,C98USDT,1.0,
CAKEUSDT,,,
CELOUSDT,CELOUSDT,1.0,
CELRUSDT,CELRUSDT,1.0,
CFXUSDT,,,
CHESSUSDT,,,
CHRUSDT,CHRUSDT,1.0,
CHZUSDT,CHZUSDT,1.0,
CITYUSDT,,,
CKBUSDT,,,
CLVUSDT,,,
COCOSUSDT,,,
COMPUSDT,COMPUSDT,1.0,
COSUSDT,,,
COTIUSDT,COTIUSDT,1.0,
CRVUSDT,CRVUSDT,1.0,
CTKUSDT,CTKUSDT,1.0,
CTSIUSDT,CTSIUSDT,1.0,
CTXCUSDT,,,
CVCUSDT,CVCUSDT,1.0,
CVPUSDT,,,
CVXUSDT,CVXUSDT,1.0,
DARUSDT,DARUSDT,1.0,
DASHUSDT,DASHUSDT,1.0,
DATAUSDT,,,
DCRUSDT,,,
DEGOUSDT,,,
DENTUSDT,DENTUSDT,1.0,
DEXEUSDT,,,
DFUSDT,,,
DGBUSDT,DGBUSDT,1.0,
DIAUSDT,,,
DNTUSDT,,,
DOCKUSDT,,,
DODOUSDT,DODOUSDT,1.0,
DOGEUSDT,DOGEUSDT,1.0,
DOTUSDT,DOTUSDT,1.0,
DREPUSDT,,,
DUSKUSDT,DUSKUSDT,1.0,
DYDXUSDT,DYDXUSDT,1.0,
EGLDUSDT,EGLDUSDT,1.0,
ELFUSDT,,,
ENJUSDT,ENJUSDT,1.0,
ENSUSDT,ENSUSDT,1.0,
EOSUSDT,EOSUSDT,1.0,
EPSUSDT,,,
EPXUSDT,,,
ERDUSDT,,,
ERNUSDT,,,
ETCUSDT,ETCUSDT,1.0,
ETHUSDT,ETHUSDT,1.0,
FARMUSDT,,,
FETUSDT,,,
FIDAUSDT,,,
FILUSDT,FILUSDT,1.0,
FIOUSDT,,,
FIROUSDT,,,
FISUSDT,,,
FLMUSDT,FLMUSDT,1.0,
FLOWUSDT,FLOWUSDT,1.0,
FLUXUSDT,,,
FORTHUSDT,,,
FORUSDT,,,
FRONTUSDT,,,
FTMUSDT,FTMUSDT,1.0,
FTTUSDT,FTTUSDT,1.0,
FUNUSDT,,,
FXSUSDT,,,
GALAUSDT,GALAUSDT,1.0,
GALUSDT,GALUSDT,1.0,
GHSTUSDT,,,
GLMRUSDT,,,
GMTUSDT,GMTUSDT,1.0,
GMXUSDT,,,
GNOUSDT,,,
GRTUSDT,GRTUSDT,1.0,
GTCUSDT,GTCUSDT,1.0,
GTOUSDT,,,
GXSUSDT,,,
HARDUSDT,,,
HBARUSDT,HBARUSDT,1.0,
HCUSDT,,,
HFTUSDT,,,
HIGHUSDT,,,
HIVEUSDT,,,
HNTUSDT,HNTUSDT,1.0,
HOOKUSDT,,,
HOTUSDT,HOTUSDT,1.0,
ICPUSDT,ICPUSDT,1.0,
ICXUSDT,ICXUSDT,1.0,
IDEXUSDT,,,
ILVUSDT,,,
IMXUSDT,IMXUSDT,1.0,
INJUSDT,INJUSDT,1.0,
IOSTUSDT,IOSTUSDT,1.0,
IOTAUSDT,IOTAUSDT,1.0,
IOTXUSDT,IOTXUSDT,1.0,
IRISUSDT,,,
JASMYUSDT,JASMYUSDT,1.0,
JOEUSDT,,,
JSTUSDT,,,
JUVUSDT,,,
KAVAUSDT,KAVAUSDT,1.0,
KDAUSDT,,,
KEEPUSDT,KEEPUSDT,1.0,
KEYUSDT,,,
KLAYUSDT,KLAYUSDT,1.0,
KMDUSDT,,,
KNCUSDT,KNCUSDT,1.0,
KP3RUSDT,,,
KSMUSDT,KSMUSDT,1.0,
LAZIOUSDT,,,
LDOUSDT,LDOUSDT,1.0,
LENDUSDT,LENDUSDT,1.0,
LEVERUSDT,,,
LINAUSDT,LINAUSDT,1.0,
LINKUSDT,LINKUSDT,1.0,
LITUSDT,LITUSDT,1.0,
LOKAUSDT,,,
LPTUSDT,LPTUSDT,1.0,
LRCUSDT,LRCUSDT,1.0,
LSKUSDT,,,
LTCUSDT,LTCUSDT,1.0,
LTOUSDT,,,
LUNAUSDT,LUNAUSDT,1.0,
LUNCUSDT,1000LUNCUSDT,1000.0,
MAGICUSDT,,,
MANAUSDT,MANAUSDT,1.0,
MASKUSDT,MASKUSDT,1.0,
MATICUSDT,MATICUSDT,1.0,
MBLUSDT,,,
MBOXUSDT,,,
MCOUSDT,,,
MCUSDT,,,
MDTUSDT,,,
MDXUSDT,,,
MFTUSDT,,,
MINAUSDT,,,
MIRUSDT,,,
MITHUSDT,,,
MKRUSDT,MKRUSDT,1.0,
MLNUSDT,,,
MOBUSDT,,,
MOVRUSDT,,,
MTLUSDT,MTLUSDT,1.0,
MULTIUSDT,,,
NANOUSDT,,,
NBSUSDT,,,
NBTUSDT,,,
NEARUSDT,NEARUSDT,1.0,
NEBLUSDT,,,
NEOUSDT,NEOUSDT,1.0,
NEXOUSDT,,,
NKNUSDT,NKNUSDT,1.0,
NMRUSDT,,,
NPXSUSDT,,,
NULSUSDT,,,
NUUSDT,NUUSDT,1.0,
OCEANUSDT,OCEANUSDT,1.0,
OGNUSDT,OGNUSDT,1.0,
OGUSDT,,,
OMGUSDT,OMGUSDT,1.0,
OMUSDT,,,
ONEUSDT,ONEUSDT,1.0,
ONGUSDT,,,
ONTUSDT,ONTUSDT,1.0,
OOKIUSDT,,,
OPUSDT,OPUSDT,1.0,
ORNUSDT,,,
OSMOUSDT,,,
OXTUSDT,,,
PAXGUSDT,,,
PEOPLEUSDT,PEOPLEUSDT,1.0,
PERLUSDT,,,
PERPUSDT,,,
PHAUSDT,,,
PHBUSDT,,,
PLAUSDT,,,
PNTUSDT,,,
POLSUSDT,,,
POLYUSDT,,,
POLYXUSDT,,,
PONDUSDT,,,
PORTOUSDT,,,
POWRUSDT,,,
PSGUSDT,,,
PUNDIXUSDT,,,
PYRUSDT,,,
QIUSDT,,,
QNTUSDT,QNTUSDT,1.0,
QTUMUSDT,QTUMUSDT,1.0,
QUICKUSDT,,,
RADUSDT,,,
RAMPUSDT,,,
RAREUSDT,,,
RAYUSDT,RAYUSDT,1.0,
REEFUSDT,REEFUSDT,1.0,
REIUSDT,,,
RENUSDT,RENUSDT,1.0,
REPUSDT,,,
REQUSDT,,,
RGTUSDT,,,
RIFUSDT,,,
RLCUSDT,RLCUSDT,1.0,
RNDRUSDT,,,
ROSEUSDT,ROSEUSDT,1.0,
RSRUSDT,RSRUSDT,1.0,
RUNEUSDT,RUNEUSDT,1.0,
RVNUSDT,RVNUSDT,1.0,
SANDUSDT,SANDUSDT,1.0,
SANTOSUSDT,,,
SCRTUSDT,,,
SCUSDT,SCUSDT,1.0,
SFPUSDT,SFPUSDT,1.0,
SHIBUSDT,1000SHIBUSDT,1000.0,
SKLUSDT,SKLUSDT,1.0,
SLPUSDT,,,
SNXUSDT,SNXUSDT,1.0,
SOLUSDT,SOLUSDT,1.0,
SPELLUSDT,SPELLUSDT,1.0,
SRMUSDT,SRMUSDT,1.0,
STEEMUSDT,,,
STGUSDT,STGUSDT,1.0,
STMXUSDT,STMXUSDT,1.0,
STORJUSDT,STORJUSDT,1.0,
STORMUSDT,,,
STPTUSDT,,,
STRATUSDT,,,
STRAXUSDT,,,
STXUSDT,,,
SUNUSDT,,,
SUPERUSDT,,,
SUSHIUSDT,SUSHIUSDT,1.0,
SXPUSDT,SXPUSDT,1.0,
SYSUSDT,,,
TCTUSDT,,,
TFUELUSDT,,,
THETAUSDT,THETAUSDT,1.0,
TKOUSDT,,,
TLMUSDT,TLMUSDT,1.0,
TOMOUSDT,TOMOUSDT,1.0,
TORNUSDT,,,
TRBUSDT,TRBUSDT,1.0,
TRIBEUSDT,,,
TROYUSDT,,,
TRUUSDT,,,
TRXUSDT,TRXUSDT,1.0,
TUSDT,,,
TVKUSDT,,,
TWTUSDT,,,
UMAUSDT,,,
UNFIUSDT,UNFIUSDT,1.0,
UNIUSDT,UNIUSDT,1.0,
UTKUSDT,,,
VENUSDT,,,
VETUSDT,VETUSDT,1.0,
VGXUSDT,,,
VIDTUSDT,,,
VITEUSDT,,,
VOXELUSDT,,,
VTHOUSDT,,,
WANUSDT,,,
WAVESUSDT,WAVESUSDT,1.0,
WAXPUSDT,,,
WINGUSDT,,,
WINUSDT,,,
WOOUSDT,WOOUSDT,1.0,
WRXUSDT,,,
WTCUSDT,,,
XECUSDT,1000XECUSDT,1000.0,
XEMUSDT,XEMUSDT,1.0,
XLMUSDT,XLMUSDT,1.0,
XMRUSDT,XMRUSDT,1.0,
XNOUSDT,,,
XRPUSDT,XRPUSDT,1.0,
XTZUSDT,XTZUSDT,1.0,
XVGUSDT,,,
XVSUSDT,,,
XZCUSDT,,,
YFIIUSDT,YFIIUSDT,1.0,
YFIUSDT,YFIUSDT,1.0,
YGGUSDT,,,
ZECUSDT,ZECUSDT,1.0,
ZENUSDT,ZENUSDT,1.0,
ZILUSDT,ZILUSDT,1.0,
ZRXUSDT,ZRXUSDT,1.0,
