signal,lane,universe,era,fill,direction,horizon,decision,cost,period,candidates,filled,held,trades,entry_days,mean_net,median_net,hit_rate,mean_gross_excess,winsorized_gross_excess,mean_cand_ret,mean_uni_ret,mean_cost,daymean,se,z,top10_share,z_wo_top10
a2r-up-close,equity,uncapped,confirm,next_open,long,1,False,0,all,181128,168199,163783,4416,664,0.0023505524167202435,-0.001176022406672257,0.483695652173913,0.0023505524167202435,0.0009763493939694935,0.004177582135314689,0.0018270297185944454,0.0,0.0012677375795097153,0.001127739732435807,1.12414020987939,0.17063879946745292,0.441004878914464
a2r-up-close,equity,uncapped,confirm,next_open,long,1,False,0,2021,57428,57428,55865,1563,229,0.0014357859295622741,-0.0013736511473686729,0.48048624440179144,0.0014357859295622741,0.0010378058150463535,0.007221838873574654,0.0057860529440123785,0.0,-0.000624665458010928,0.0018679389292261149,-0.33441428316381105,0.29289561596612557,-0.6025101040537373
a2r-up-close,equity,uncapped,confirm,next_open,long,1,False,0,2022,72064,72064,70274,1790,249,0.003353992281804812,-0.0004564946313210397,0.4910614525139665,0.003353992281804812,0.0012954287360079136,0.003533104496174415,0.0001791122143696039,0.0,0.003136508974101043,0.0019262506293858239,1.6282974428416432,0.2747249922022337,1.2486719162327689
a2r-up-close,equity,uncapped,confirm,next_open,long,1,False,0,2023,51636,38707,37644,1063,186,0.0020058888804328776,-0.002028103614893275,0.4760112888052681,0.0020058888804328776,0.0005007616360589995,0.000786652400752849,-0.0012192364796800273,0.0,0.0010958892910096437,0.0020660796080326236,0.5304196831278825,0.2717315829210617,-0.16227512487906884
a2r-up-close,equity,uncapped,confirm,next_open,long,1,False,0,half1,94204,94204,91680,2524,351,0.003305915056812483,-0.0007214625975580941,0.4873217115689382,0.003305915056812483,0.0014836718924644604,0.006235630800935722,0.0029297157441232386,0.0,0.0015076074336197222,0.0016475171404369564,0.915078451456883,0.27543770330135575,0.23140385162156124
a2r-up-close,equity,uncapped,confirm,next_open,long,1,False,0,half2,86924,73995,72103,1892,313,0.0010760622985422248,-0.0016184447857827272,0.4788583509513742,0.0010760622985422248,0.00030556872045862395,0.001432066896399526,0.0003560045978573018,0.0,0.000998746145667504,0.0015225750394628366,0.6559585700418817,0.18487038279662873,-0.2331281257785225
a2r-up-close,equity,uncapped,confirm,next_open,long,1,False,low,all,181128,168199,163783,4416,664,-3.327910501888734e-05,-0.003367021800287291,0.458106884057971,0.0023505524167202435,0.0009763493939694935,0.004177582135314689,0.0018270297185944454,0.0023838315217391305,-0.0012565250259766899,0.0011300143060153978,-1.1119549719749904,0.16869409933690804,-2.1615419726549434
a2r-up-close,equity,uncapped,confirm,next_open,long,1,False,low,2021,57428,57428,55865,1563,229,-0.0009596075445260183,-0.003702312212795591,0.44337811900191937,0.0014357859295622741,0.0010378058150463535,0.007221838873574654,0.0057860529440123785,0.002395393474088292,-0.0033357366441227362,0.0018737348687843677,-1.7802607507042225,0.28757876593115284,-2.067382404574589
a2r-up-close,equity,uncapped,confirm,next_open,long,1,False,low,2022,72064,72064,70274,1790,249,0.0010366738460506214,-0.0026162535499456626,0.4720670391061452,0.003353992281804812,0.0012954287360079136,0.003533104496174415,0.0001791122143696039,0.0023173184357541906,0.000745572950541323,0.0019283782411458064,0.3866321111870239,0.27603534884264747,-0.16151036434971808
a2r-up-close,equity,uncapped,confirm,next_open,long,1,False,low,2023,51636,38707,37644,1063,186,-0.0004729446096894193,-0.004544779319332618,0.45625587958607716,0.0020058888804328776,0.0005007616360589995,0.000786652400752849,-0.0012192364796800273,0.002478833490122296,-0.0013768633894043272,0.002068374148093226,-0.6656742401627953,0.2727761289924424,-1.5202964582340657
a2r-up-close,equity,uncapped,confirm,next_open,long,1,False,low,half1,94204,94204,91680,2524,351,0.0009525077667966338,-0.0029821839493909146,0.4572107765451664,0.003305915056812483,0.0014836718924644604,0.006235630800935722,0.0029297157441232386,0.002353407290015848,-0.001085425787571159,0.0016518236030854572,-0.6571075661733382,0.27024242023864825,-1.550649771259903
a2r-up-close,equity,uncapped,confirm,next_open,long,1,False,low,half2,86924,73995,72103,1892,313,-0.0013483563061089385,-0.004067787528456093,0.45930232558139533,0.0010760622985422248,0.00030556872045862395,0.001432066896399526,0.0003560045978573018,0.002424418604651163,-0.0014483966958819343,0.0015243774452633227,-0.9501562099219703,0.183464518810835,-1.866122958996675
a2r-up-close,equity,uncapped,confirm,next_open,long,1,False,base,all,181128,168199,163783,4416,664,-0.0024171106267580184,-0.005744228259543475,0.4311594202898551,0.0023505524167202435,0.0009763493939694935,0.004177582135314689,0.0018270297185944454,0.004767663043478261,-0.003780787631463095,0.0011328686580402796,-3.337357428533138,0.16582858862722435,-4.768074008304165
a2r-up-close,equity,uncapped,confirm,next_open,long,1,False,base,2021,57428,57428,55865,1563,229,-0.003355001018614309,-0.006138398892884162,0.4197056941778631,0.0014357859295622741,0.0010378058150463535,0.007221838873574654,0.0057860529440123785,0.004790786948176584,-0.006046807830234545,0.0018809021754896198,-3.214844402346705,0.28071648530868987,-3.3736841331215697
a2r-up-close,equity,uncapped,confirm,next_open,long,1,False,base,2022,72064,72064,70274,1790,249,-0.0012806445897035686,-0.004731943130554898,0.4441340782122905,0.003353992281804812,0.0012954287360079136,0.003533104496174415,0.0001791122143696039,0.004634636871508381,-0.0016453630730183973,0.0019311010375153812,-0.8520336538865807,0.2707536413811631,-1.8322773552582436
a2r-up-close,equity,uncapped,confirm,next_open,long,1,False,base,2023,51636,38707,37644,1063,186,-0.0029517780998117153,-0.006414515447358295,0.4261523988711195,0.0020058888804328776,0.0005007616360589995,0.000786652400752849,-0.0012192364796800273,0.004957666980244592,-0.0038496160698182984,0.0020716598151555004,-1.858227900959378,0.26848914243981087,-3.0973631635992307
a2r-up-close,equity,uncapped,confirm,next_open,long,1,False,base,half1,94204,94204,91680,2524,351,-0.0014008995232192144,-0.005530903754443167,0.43225039619651345,0.003305915056812483,0.0014836718924644604,0.006235630800935722,0.0029297157441232386,0.004706814580031696,-0.003678459008762038,0.0016570153666775479,-2.2199305345837868,0.26401430975159157,-3.3197209810187096
a2r-up-close,equity,uncapped,confirm,next_open,long,1,False,base,half2,86924,73995,72103,1892,313,-0.0037727749107601015,-0.006093418551342999,0.4297040169133192,0.0010760622985422248,0.00030556872045862395,0.001432066896399526,0.0003560045978573018,0.004848837209302326,-0.003895539537431373,0.0015268846568372088,-2.551299156742199,0.1787568372522917,-3.5937329898907517
a2r-up-close,equity,uncapped,confirm,next_open,long,1,False,high,all,181128,168199,163783,4416,664,-0.007184773670236278,-0.01042155988989164,0.3761322463768116,0.0023505524167202435,0.0009763493939694935,0.004177582135314689,0.0018270297185944454,0.009535326086956522,-0.008829312842435905,0.0011402983978623183,-7.742984519655505,0.15252636853918533,-9.913956771142791
a2r-up-close,equity,uncapped,confirm,next_open,long,1,False,high,2021,57428,57428,55865,1563,229,-0.008145787966790894,-0.011168068386850815,0.37172104926423544,0.0014357859295622741,0.0010378058150463535,0.007221838873574654,0.0057860529440123785,0.009581573896353168,-0.011468950202458156,0.0018992858196010811,-6.038559380634481,0.26926493204767454,-5.6415257990556285
a2r-up-close,equity,uncapped,confirm,next_open,long,1,False,high,2022,72064,72064,70274,1790,249,-0.0059152814612119485,-0.008959543475122206,0.3893854748603352,0.003353992281804812,0.0012954287360079136,0.003533104496174415,0.0001791122143696039,0.009269273743016762,-0.006427235120137838,0.0019383216030341766,-3.315876534666323,0.2520062584460192,-4.582508688847168
a2r-up-close,equity,uncapped,confirm,next_open,long,1,False,high,2023,51636,38707,37644,1063,186,-0.007909445080056305,-0.010926588166954236,0.3603010348071496,0.0020058888804328776,0.0005007616360589995,0.000786652400752849,-0.0012192364796800273,0.009915333960489185,-0.008795121430646239,0.002081184337477682,-4.226017499874903,0.2463370461598197,-6.226495144895681
a2r-up-close,equity,uncapped,confirm,next_open,long,1,False,high,half1,94204,94204,91680,2524,351,-0.006107714103250909,-0.010283154542788202,0.38391442155309036,0.003305915056812483,0.0014836718924644604,0.006235630800935722,0.0029297157441232386,0.009413629160063393,-0.008864525451143798,0.001670020362406426,-5.308034351371863,0.24820623678804707,-6.641052030957719
a2r-up-close,equity,uncapped,confirm,next_open,long,1,False,high,half2,86924,73995,72103,1892,313,-0.008621612120062426,-0.010586976134750112,0.3657505285412262,0.0010760622985422248,0.00030556872045862395,0.001432066896399526,0.0003560045978573018,0.009697674418604653,-0.008789825220530248,0.001533998702435823,-5.730008250054555,0.1659928368064964,-6.940063991366102
a2r-up-close,equity,uncapped,confirm,next_open,long,1,False,spec,all,181128,168199,163783,4416,664,-0.05217212394586366,-0.047544368319517534,0.12092391304347826,0.0023505524167202435,0.0009763493939694935,0.004177582135314689,0.0018270297185944454,0.0545226763625839,-0.0548710852473578,0.0016488273135403654,-33.27885509704379,0.1491114868169861,-34.34356002003067
a2r-up-close,equity,uncapped,confirm,next_open,long,1,False,spec,2021,57428,57428,55865,1563,229,-0.052685886223657455,-0.04729922527106836,0.11516314779270634,0.0014357859295622741,0.0010378058150463535,0.007221838873574654,0.0057860529440123785,0.05412167215321972,-0.058370757933665585,0.0034910077391488315,-16.72031754014312,0.380823856068437,-15.923639303284867
a2r-up-close,equity,uncapped,confirm,next_open,long,1,False,spec,2022,72064,72064,70274,1790,249,-0.05084222107894961,-0.048167938605242586,0.1223463687150838,0.003353992281804812,0.0012954287360079136,0.003533104496174415,0.0001791122143696039,0.054196213360754426,-0.051996426124084366,0.0022094462391178417,-23.533691475944128,0.14929898455611362,-27.80525788656844
a2r-up-close,equity,uncapped,confirm,next_open,long,1,False,spec,2023,51636,38707,37644,1063,186,-0.05365614623333729,-0.04695859700350521,0.12699905926622765,0.0020058888804328776,0.0005007616360589995,0.000786652400752849,-0.0012192364796800273,0.055662035113770165,-0.05441068243300624,0.002717762466049157,-20.02039659930387,0.1544881299594755,-21.731653513618983
a2r-up-close,equity,uncapped,confirm,next_open,long,1,False,spec,half1,94204,94204,91680,2524,351,-0.04993625775384416,-0.047230899848374745,0.1240095087163233,0.003305915056812483,0.0014836718924644604,0.006235630800935722,0.0029297157441232386,0.05324217281065664,-0.0542222472562634,0.002547722715167029,-21.282632891510953,0.2596555106570969,-22.22110505213099
a2r-up-close,equity,uncapped,confirm,next_open,long,1,False,spec,half2,86924,73995,72103,1892,313,-0.05515485453183472,-0.047987958043678544,0.11680761099365751,0.0010760622985422248,0.00030556872045862395,0.001432066896399526,0.0003560045978573018,0.05623091683037694,-0.05559869590190776,0.0020216053369762382,-27.502250258731515,0.10755178675980198,-29.749459835750955
a2r-up-close,equity,uncapped,confirm,next_open,long,5,False,0,all,181128,168199,163783,4416,664,0.003190510114930801,-0.005850640091115945,0.46625905797101447,0.003190510114930801,0.0005955044949137091,0.006589485761526521,0.0033989756465957173,0.0,0.00454331568141715,0.0025238974254443306,1.8001189888362052,0.1264982984920216,0.5506729281729766
a2r-up-close,equity,uncapped,confirm,next_open,long,5,False,0,2021,57428,57428,55865,1563,229,0.003461162170068841,-0.005586102559747917,0.4676903390914907,0.003461162170068841,0.0009595997497686918,0.01961071815548966,0.016149555985420814,0.0,0.008596615803936355,0.005383371592844418,1.5968832274857236,0.2723702954590046,0.46553779645370447
a2r-up-close,equity,uncapped,confirm,next_open,long,5,False,0,2022,72064,72064,70274,1790,249,0.0030593093421604125,-0.004969240583923156,0.47150837988826816,0.0030593093421604125,-0.000209023008381112,-0.0014292535589928543,-0.004488562901153266,0.0,0.0021596415347143413,0.003743716102476436,0.576871075583364,0.23036210309973887,-1.0760210852392713
a2r-up-close,equity,uncapped,confirm,next_open,long,5,False,0,2023,51636,38707,37644,1063,186,0.003013483041627171,-0.008465646291428652,0.4553151458137347,0.003013483041627171,0.0027590219782121744,0.0009463598461599089,-0.0020671231954672636,0.0,0.002744009952772535,0.003493277545190598,0.785511576814266,0.20347744052552602,-0.6090898516974154
a2r-up-close,equity,uncapped,confirm,next_open,long,5,False,0,half1,94204,94204,91680,2524,351,0.0034394918638825833,-0.005383487714461925,0.47187004754358164,0.0034394918638825833,-5.097307268043152e-05,0.00877985153510134,0.005340359671218755,0.0,0.006189940221259924,0.0039985503858778575,1.548046072677151,0.21945728978020299,-0.13525783484816412
a2r-up-close,equity,uncapped,confirm,next_open,long,5,False,0,half2,86924,73995,72103,1892,313,0.0028583589868365635,-0.006622093548555644,0.4587737843551797,0.0028583589868365635,0.0014603928034913778,0.003667454465277659,0.0008090954784410951,0.0,0.0026967814530311635,0.002929549075085741,0.9205448974949276,0.14532215471274312,0.24476435321748088
a2r-up-close,equity,uncapped,confirm,next_open,long,5,False,low,all,181128,168199,163783,4416,664,0.00080667859319167,-0.007983733124747868,0.45652173913043476,0.003190510114930801,0.0005955044949137091,0.006589485761526521,0.0033989756465957173,0.0023838315217391305,0.002019053075930744,0.0025219509349967734,0.8005917355142071,0.12459359593497102,-0.849779231664739
a2r-up-close,equity,uncapped,confirm,next_open,long,5,False,low,2021,57428,57428,55865,1563,229,0.0010657686959805479,-0.008059965022873827,0.45745361484325014,0.003461162170068841,0.0009595997497686918,0.01961071815548966,0.016149555985420814,0.002395393474088292,0.005885544617824545,0.005382300303628426,1.0934998580173727,0.2702455353614649,0.2092748257895575
a2r-up-close,equity,uncapped,confirm,next_open,long,5,False,low,2022,72064,72064,70274,1790,249,0.0007419909064062209,-0.006900842947723376,0.46145251396648046,0.0030593093421604125,-0.000209023008381112,-0.0014292535589928543,-0.004488562901153266,0.0023173184357541906,-0.00023129448884538087,0.0037360524597111,-0.06190879045185204,0.22621320562430472,-1.8158088527129628
a2r-up-close,equity,uncapped,confirm,next_open,long,5,False,low,2023,51636,38707,37644,1063,186,0.0005346495515048749,-0.009986889048110325,0.4468485418626529,0.003013483041627171,0.0027590219782121744,0.0009463598461599089,-0.0020671231954672636,0.002478833490122296,0.0002712572723585611,0.003494711221806424,0.07761936684952973,0.19722819169210273,-1.0521917175683946
a2r-up-close,equity,uncapped,confirm,next_open,long,5,False,low,half1,94204,94204,91680,2524,351,0.0010860845738667336,-0.007749296490912107,0.4623613312202853,0.0034394918638825833,-5.097307268043152e-05,0.00877985153510134,0.005340359671218755,0.002353407290015848,0.003596907000069042,0.003996316287934833,0.9000556364691062,0.2159779960210204,-0.909921322648774
a2r-up-close,equity,uncapped,confirm,next_open,long,5,False,low,half2,86924,73995,72103,1892,313,0.00043394038218539933,-0.00916582492718768,0.4487315010570824,0.0028583589868365635,0.0014603928034913778,0.003667454465277659,0.0008090954784410951,0.002424418604651163,0.00024963861148172446,0.0029261137741531202,0.08531404817093116,0.1427043302893987,-0.45167617966736556
a2r-up-close,equity,uncapped,confirm,next_open,long,5,False,base,all,181128,168199,163783,4416,664,-0.001577152928547461,-0.010262678459700096,0.4433876811594203,0.003190510114930801,0.0005955044949137091,0.006589485761526521,0.0033989756465957173,0.004767663043478261,-0.000505209529555661,0.0025202655534254967,-0.2004588480245623,0.12253000118206751,-2.0965175188035947
a2r-up-close,equity,uncapped,confirm,next_open,long,5,False,base,2021,57428,57428,55865,1563,229,-0.001329624778107744,-0.010291016394705026,0.44337811900191937,0.003461162170068841,0.0009595997497686918,0.01961071815548966,0.016149555985420814,0.004790786948176584,0.0031744734317127377,0.005381714181403198,0.5898628809910235,0.2718373379424359,-0.527788545043275
a2r-up-close,equity,uncapped,confirm,next_open,long,5,False,base,2022,72064,72064,70274,1790,249,-0.0015753275293479694,-0.009075138897432524,0.45027932960893857,0.0030593093421604125,-0.000209023008381112,-0.0014292535589928543,-0.004488562901153266,0.004634636871508381,-0.0026222305124051024,0.003728682492508371,-0.7032592658864518,0.2227912219813528,-2.6770440537416578
a2r-up-close,equity,uncapped,confirm,next_open,long,5,False,base,2023,51636,38707,37644,1063,186,-0.0019441839386174211,-0.01239558117149487,0.431796801505174,0.003013483041627171,0.0027590219782121744,0.0009463598461599089,-0.0020671231954672636,0.004957666980244592,-0.0022014954080554084,0.003496732924225734,-0.6295863755573714,0.19117386226181726,-1.8344949535794557
a2r-up-close,equity,uncapped,confirm,next_open,long,5,False,base,half1,94204,94204,91680,2524,351,-0.0012673227161491137,-0.009837760874913618,0.44849445324881143,0.0034394918638825833,-5.097307268043152e-05,0.00877985153510134,0.005340359671218755,0.004706814580031696,0.0010038737788781627,0.003994452751008724,0.2513169741774147,0.21254869985472513,-1.8017096811489952
a2r-up-close,equity,uncapped,confirm,next_open,long,5,False,base,half2,86924,73995,72103,1892,313,-0.0019904782224657628,-0.011342248192900582,0.4365750528541226,0.0028583589868365635,0.0014603928034913778,0.003667454465277659,0.0008090954784410951,0.004848837209302326,-0.002197504230067714,0.002923043648334144,-0.7517863208508986,0.14029210934044364,-1.3735008728311933
a2r-up-close,equity,uncapped,confirm,next_open,long,5,False,high,all,181128,168199,163783,4416,664,-0.006344815972025722,-0.015363746470619073,0.41757246376811596,0.003190510114930801,0.0005955044949137091,0.006589485761526521,0.0033989756465957173,0.009535326086956522,-0.00555373474052847,0.002517680133166944,-2.2058936984749242,0.12438940356158495,-4.508395870296204
a2r-up-close,equity,uncapped,confirm,next_open,long,5,False,high,2021,57428,57428,55865,1563,229,-0.006120411726284327,-0.015820395489197857,0.4088291746641075,0.003461162170068841,0.0009595997497686918,0.01961071815548966,0.016149555985420814,0.009581573896353168,-0.0022476689405108758,0.005381997940757811,-0.41762723903874127,0.2838592582601249,-1.6079519983297035
a2r-up-close,equity,uncapped,confirm,next_open,long,5,False,high,2022,72064,72064,70274,1790,249,-0.006209964400856348,-0.013814809174191887,0.4273743016759777,0.0030593093421604125,-0.000209023008381112,-0.0014292535589928543,-0.004488562901153266,0.009269273743016762,-0.007404102559524542,0.0037148305067321477,-1.9931198869252755,0.21339063881339398,-4.412287781233457
a2r-up-close,equity,uncapped,confirm,next_open,long,5,False,high,2023,51636,38707,37644,1063,186,-0.006901850918862012,-0.017346352467355948,0.4139228598306679,0.003013483041627171,0.0027590219782121744,0.0009463598461599089,-0.0020671231954672636,0.009915333960489185,-0.007147000768883352,0.003502536037334386,-2.040521694195785,0.18028699130887504,-2.95926244222012
a2r-up-close,equity,uncapped,confirm,next_open,long,5,False,high,half1,94204,94204,91680,2524,351,-0.005974137296180809,-0.014361282835374094,0.4187797147385103,0.0034394918638825833,-5.097307268043152e-05,0.00877985153510134,0.005340359671218755,0.009413629160063393,-0.004182192663503594,0.003991839332908197,-1.0476856192648207,0.21499320243449968,-3.1270356263608585
a2r-up-close,equity,uncapped,confirm,next_open,long,5,False,high,half2,86924,73995,72103,1892,313,-0.006839315431768089,-0.016062158061682465,0.41596194503171247,0.0028583589868365635,0.0014603928034913778,0.003667454465277659,0.0008090954784410951,0.009697674418604653,-0.007091789913166591,0.002918003395491124,-2.430356977693984,0.13591319164698376,-3.0562871813327934
a2r-up-close,equity,uncapped,confirm,next_open,long,5,False,spec,all,181128,168199,163783,4416,664,-0.051332166247653105,-0.05328403044730347,0.25815217391304346,0.003190510114930801,0.0005955044949137091,0.006589485761526521,0.0033989756465957173,0.0545226763625839,-0.05159550714545037,0.0027490871330772483,-18.768232743389206,0.1488288754902682,-20.926898464048946
a2r-up-close,equity,uncapped,confirm,next_open,long,5,False,spec,2021,57428,57428,55865,1563,229,-0.05066050998315088,-0.05340701146220689,0.2399232245681382,0.003461162170068841,0.0009595997497686918,0.01961071815548966,0.016149555985420814,0.05412167215321972,-0.049149476671718303,0.0060440971327700745,-8.13181449471388,0.37375445030404497,-9.204123240558811
a2r-up-close,equity,uncapped,confirm,next_open,long,5,False,spec,2022,72064,72064,70274,1790,249,-0.05113690401859401,-0.054180685052919314,0.2659217877094972,0.0030593093421604125,-0.000209023008381112,-0.0014292535589928543,-0.004488562901153266,0.054196213360754426,-0.05297329356347107,0.0036984947878966577,-14.322933139402124,0.15839473069383145,-16.99273091122865
a2r-up-close,equity,uncapped,confirm,next_open,long,5,False,spec,2023,51636,38707,37644,1063,186,-0.05264855207214299,-0.050678746608971155,0.2718720602069614,0.003013483041627171,0.0027590219782121744,0.0009463598461599089,-0.0020671231954672636,0.055662035113770165,-0.052762561771243346,0.0040803073169485,-12.931026433249734,0.1624759428085209,-12.19276249914116
a2r-up-close,equity,uncapped,confirm,next_open,long,5,False,spec,half1,94204,94204,91680,2524,351,-0.04980268094677405,-0.05271827115614623,0.24881141045958796,0.0034394918638825833,-5.097307268043152e-05,0.00877985153510134,0.005340359671218755,0.05324217281065664,-0.04953991446862321,0.004361565491333774,-11.358287423874911,0.25376609067952377,-13.398689603714097
a2r-up-close,equity,uncapped,confirm,next_open,long,5,False,spec,half2,86924,73995,72103,1892,313,-0.05337255784354038,-0.053778967827697685,0.27061310782241016,0.0028583589868365635,0.0014603928034913778,0.003667454465277659,0.0008090954784410951,0.05623091683037694,-0.053900660594544104,0.0031789613335072102,-16.955431331112745,0.11876299894547343,-17.338969689289065
a2r-up-close,equity,uncapped,confirm,next_open,long,21,False,0,all,181128,168199,163783,4416,664,0.01904497884411813,-0.013195495060805622,0.46444746376811596,0.01904497884411813,0.010421425834474887,0.02721543419407197,0.008170455349953832,0.0,0.013708768497366335,0.004251184269535529,3.2246940212883577,0.19642290019916306,2.6135855871838825
a2r-up-close,equity,uncapped,confirm,next_open,long,21,False,0,2021,57428,57428,55865,1563,229,0.03625427072563542,-0.014213038236797475,0.45873320537428025,0.03625427072563542,0.023081454774500403,0.080465111635294,0.04421084090965859,0.0,0.027613701704821105,0.00893477822211224,3.0905861363722855,0.4194822565373432,2.1967147444986903
a2r-up-close,equity,uncapped,confirm,next_open,long,21,False,0,2022,72064,72064,70274,1790,249,0.014295285256823748,-0.005520361440607944,0.48324022346368717,0.014295285256823748,0.00898339897727251,0.0024155394934062633,-0.011879745763417479,0.0,0.01177997164428762,0.006203496397752187,1.898924556247997,0.22191409376179855,0.6698910801049296
a2r-up-close,equity,uncapped,confirm,next_open,long,21,False,0,2023,51636,38707,37644,1063,186,0.001739078853944504,-0.021578636836763657,0.4412041392285983,0.001739078853944504,-0.00018222859231513633,-0.009320251907939748,-0.011059330761884251,0.0,-0.0008286470300021691,0.0062102292295201245,-0.13343259956705336,0.19944696673160145,-1.1813380027095672
a2r-up-close,equity,uncapped,confirm,next_open,long,21,False,0,half1,94204,94204,91680,2524,351,0.030317808213377918,-0.01367886859517202,0.4643423137876387,0.030317808213377918,0.017928952170384267,0.04420107650971752,0.013883268296339601,0.0,0.024271829535103807,0.00665846996977001,3.6452562894028007,0.3252196893300024,2.9405104323321134
a2r-up-close,equity,uncapped,confirm,next_open,long,21,False,0,half2,86924,73995,72103,1892,313,0.004006595478361409,-0.010281854911040614,0.4645877378435518,0.004006595478361409,0.0017033226804293274,0.004555940956921133,0.0005493454785597276,0.0,0.0018632911036096241,0.004984675755012313,0.3738038731478175,0.138793073691768,-0.11718475311973496
a2r-up-close,equity,uncapped,confirm,next_open,long,21,False,low,all,181128,168199,163783,4416,664,0.016661147322379003,-0.015028837181077562,0.4590126811594203,0.01904497884411813,0.010421425834474887,0.02721543419407197,0.008170455349953832,0.0023838315217391305,0.011184505891879928,0.004250096068454893,2.631588959810505,0.19568784429758532,1.9976650087924428
a2r-up-close,equity,uncapped,confirm,next_open,long,21,False,low,2021,57428,57428,55865,1563,229,0.03385887725154711,-0.016455494528112173,0.4510556621880998,0.03625427072563542,0.023081454774500403,0.080465111635294,0.04421084090965859,0.002395393474088292,0.0249026305187093,0.008934047343274706,2.78738510798863,0.4193408472649431,1.8681016782575597
a2r-up-close,equity,uncapped,confirm,next_open,long,21,False,low,2022,72064,72064,70274,1790,249,0.011977966821069554,-0.007589623706755123,0.48044692737430167,0.014295285256823748,0.00898339897727251,0.0024155394934062633,-0.011879745763417479,0.0023173184357541906,0.009389035620727897,0.006199914744261309,1.5143814081344367,0.22152398031610868,0.2329379975681294
a2r-up-close,equity,uncapped,confirm,next_open,long,21,False,low,2023,51636,38707,37644,1063,186,-0.0007397546361777931,-0.02414018675453186,0.43461900282220134,0.001739078853944504,-0.00018222859231513633,-0.009320251907939748,-0.011059330761884251,0.002478833490122296,-0.0033013997104161417,0.006212418817808661,-0.5314193725883829,0.19750021661521255,-1.3399919339162494
a2r-up-close,equity,uncapped,confirm,next_open,long,21,False,low,half1,94204,94204,91680,2524,351,0.027964400923362078,-0.015542303638771685,0.45800316957210774,0.030317808213377918,0.017928952170384267,0.04420107650971752,0.013883268296339601,0.002353407290015848,0.021678796313912924,0.00665755923964775,3.2562678803981537,0.3249218051688329,2.5308884312082163
a2r-up-close,equity,uncapped,confirm,next_open,long,21,False,low,half2,86924,73995,72103,1892,313,0.0015821768737102446,-0.013099627626507186,0.46035940803382663,0.004006595478361409,0.0017033226804293274,0.004555940956921133,0.0005493454785597276,0.002424418604651163,-0.0005838517379398171,0.004983130170663838,-0.1171656605273946,0.13853139754449567,-0.6349563213534807
a2r-up-close,equity,uncapped,confirm,next_open,long,21,False,base,all,181128,168199,163783,4416,664,0.014277315800639866,-0.01735774065907819,0.4522192028985507,0.01904497884411813,0.010421425834474887,0.02721543419407197,0.008170455349953832,0.004767663043478261,0.008660243286393522,0.004249163344180898,2.038105524527191,0.19447508667192528,1.3813082049317054
a2r-up-close,equity,uncapped,confirm,next_open,long,21,False,base,2021,57428,57428,55865,1563,229,0.03146348377745882,-0.018980430816490194,0.44529750479846447,0.03625427072563542,0.023081454774500403,0.080465111635294,0.04421084090965859,0.004790786948176584,0.022191559332597494,0.008933608795190203,2.4840531795555325,0.41723446736494174,1.5394590869548253
a2r-up-close,equity,uncapped,confirm,next_open,long,21,False,base,2022,72064,72064,70274,1790,249,0.009660648385315366,-0.01014113481388788,0.47374301675977654,0.014295285256823748,0.00898339897727251,0.0024155394934062633,-0.011879745763417479,0.004634636871508381,0.006998099597168174,0.006196517210316313,1.1293601485552789,0.22116319962733105,0.12992041085919392
a2r-up-close,equity,uncapped,confirm,next_open,long,21,False,base,2023,51636,38707,37644,1063,186,-0.003218588126300089,-0.027327375681105763,0.4261523988711195,0.001739078853944504,-0.00018222859231513633,-0.009320251907939748,-0.011059330761884251,0.004957666980244592,-0.0057741523908301125,0.006214938789400729,-0.9290763089537815,0.19580985171191256,-1.760188961091611
a2r-up-close,equity,uncapped,confirm,next_open,long,21,False,base,half1,94204,94204,91680,2524,351,0.025610993633346225,-0.01776976024535199,0.4520602218700475,0.030317808213377918,0.017928952170384267,0.04420107650971752,0.013883268296339601,0.004706814580031696,0.019085763092722044,0.006656871483101342,2.867076995728669,0.32345996086212514,2.121043851413926
a2r-up-close,equity,uncapped,confirm,next_open,long,21,False,base,half2,86924,73995,72103,1892,313,-0.0008422417309409199,-0.01535392082822911,0.452431289640592,0.004006595478361409,0.0017033226804293274,0.004555940956921133,0.0005493454785597276,0.004848837209302326,-0.003030994579489257,0.00498180073144018,-0.6084134518590092,0.13817176452951904,-1.152898579571967
a2r-up-close,equity,uncapped,confirm,next_open,long,21,False,high,all,181128,168199,163783,4416,664,0.009509652757161606,-0.022179479362256393,0.43908514492753625,0.01904497884411813,0.010421425834474887,0.02721543419407197,0.008170455349953832,0.009535326086956522,0.003611718075420712,0.004247764718655758,0.8502632124511056,0.19129641086517699,0.14758322110481703
a2r-up-close,equity,uncapped,confirm,next_open,long,21,False,high,2021,57428,57428,55865,1563,229,0.02667269682928224,-0.023991161356996776,0.4325015994881638,0.03625427072563542,0.023081454774500403,0.080465111635294,0.04421084090965859,0.009581573896353168,0.016769416960373873,0.00893360883478795,1.877115650628542,0.41159295309107613,0.8822465305222067
a2r-up-close,equity,uncapped,confirm,next_open,long,21,False,high,2022,72064,72064,70274,1790,249,0.0050260115138069834,-0.014912365783110552,0.46256983240223465,0.014295285256823748,0.00898339897727251,0.0024155394934062633,-0.011879745763417479,0.009269273743016762,0.0022162275500487334,0.006190275697283641,0.3580175840990794,0.21964799491711554,-0.7439217970033103
a2r-up-close,equity,uncapped,confirm,next_open,long,21,False,high,2023,51636,38707,37644,1063,186,-0.00817625510654468,-0.031522436196581884,0.40921919096895576,0.001739078853944504,-0.00018222859231513633,-0.009320251907939748,-0.011059330761884251,0.009915333960489185,-0.01071965775165806,0.006220968223889261,-1.7231494143457113,0.1919251773751186,-2.3421427038390563
a2r-up-close,equity,uncapped,confirm,next_open,long,21,False,high,half1,94204,94204,91680,2524,351,0.020904179053314532,-0.022718856204608673,0.4409667194928685,0.030317808213377918,0.017928952170384267,0.04420107650971752,0.013883268296339601,0.009413629160063393,0.013899696650340281,0.00665616514479631,2.0882439584911525,0.31947484963472844,1.3008773614425204
a2r-up-close,equity,uncapped,confirm,next_open,long,21,False,high,half2,86924,73995,72103,1892,313,-0.005691078940243246,-0.020326215018605865,0.4365750528541226,0.004006595478361409,0.0017033226804293274,0.004555940956921133,0.0005493454785597276,0.009697674418604653,-0.007925280262588132,0.004979790952665439,-1.591488545989288,0.1367916890803148,-2.1889845450001753
a2r-up-close,equity,uncapped,confirm,next_open,long,21,False,spec,all,181128,168199,163783,4416,664,-0.03547769751846577,-0.061118554704515854,0.35688405797101447,0.01904497884411813,0.010421425834474887,0.02721543419407197,0.008170455349953832,0.0545226763625839,-0.042430054329501185,0.004396858653675375,-9.650083769245915,0.15093435190259913,-10.039927955698575
a2r-up-close,equity,uncapped,confirm,next_open,long,21,False,spec,2021,57428,57428,55865,1563,229,-0.01786740142758431,-0.061533380397626965,0.3512476007677543,0.03625427072563542,0.023081454774500403,0.080465111635294,0.04421084090965859,0.05412167215321972,-0.030132390770833545,0.009375013435506988,-3.214117076004385,0.36864633726429097,-3.5840494330923276
a2r-up-close,equity,uncapped,confirm,next_open,long,21,False,spec,2022,72064,72064,70274,1790,249,-0.03990092810393067,-0.05309785979926735,0.376536312849162,0.014295285256823748,0.00898339897727251,0.0024155394934062633,-0.011879745763417479,0.054196213360754426,-0.04335296345389779,0.006201866656972695,-6.990308862115972,0.1794726399575572,-8.165142345504249
a2r-up-close,equity,uncapped,confirm,next_open,long,21,False,spec,2023,51636,38707,37644,1063,186,-0.05392295625982565,-0.06714770299136422,0.33207902163687675,0.001739078853944504,-0.00018222859231513633,-0.009320251907939748,-0.011059330761884251,0.055662035113770165,-0.056335218754018035,0.006548908711545337,-8.602229964620271,0.16494930903923655,-7.6380998392657204
a2r-up-close,equity,uncapped,confirm,next_open,long,21,False,spec,half1,94204,94204,91680,2524,351,-0.022924364597278715,-0.060212579364239474,0.358161648177496,0.030317808213377918,0.017928952170384267,0.04420107650971752,0.013883268296339601,0.05324217281065664,-0.03145802515477932,0.00690900910344048,-4.553189130857298,0.262638343260013,-5.04454060467585
a2r-up-close,equity,uncapped,confirm,next_open,long,21,False,spec,half2,86924,73995,72103,1892,313,-0.05222432135201553,-0.06157941647392401,0.35517970401691334,0.004006595478361409,0.0017033226804293274,0.004555940956921133,0.0005493454785597276,0.05623091683037694,-0.05473415094396564,0.005116919300191947,-10.696700051906708,0.1276181722224949,-10.398715898084648
a2r-up-close,equity,uncapped,confirm,next_open,long,63,True,0,all,181128,168199,163783,4416,664,0.04922936358200737,-0.00965451755646202,0.4848278985507246,0.04922936358200737,0.03810565028734373,0.027743091409355897,-0.021486272172651474,0.0,0.036105297192422614,0.006465762985063847,5.584073724296296,0.20075249163481812,5.019454006928571
a2r-up-close,equity,uncapped,confirm,next_open,long,63,True,0,2021,57428,57428,55865,1563,229,0.07512779616664984,0.0035992219703623873,0.5060780550223928,0.07512779616664984,0.059437601194997754,0.07350662461892117,-0.0016211715477286806,0.0,0.05031470121124454,0.010745690411562807,4.682314424125214,0.4535899023785002,4.021031418595758
a2r-up-close,equity,uncapped,confirm,next_open,long,63,True,0,2022,72064,72064,70274,1790,249,0.04273176349150965,-0.0035410237671632955,0.4910614525139665,0.04273176349150965,0.03265852377107751,0.006877195530159771,-0.03585456796134987,0.0,0.039133018779312884,0.010459252058978743,3.7414739178906347,0.21378423071253397,2.8665320626074724
a2r-up-close,equity,uncapped,confirm,next_open,long,63,True,0,2023,51636,38707,37644,1063,186,0.022090562107120012,-0.03507417159152994,0.4430856067732832,0.022090562107120012,0.016244358990338072,-0.00440972964689005,-0.026500291754010065,0.0,0.014557683238412413,0.012625618232974993,1.153027358327004,0.2121947280559697,-0.5575151327917923
a2r-up-close,equity,uncapped,confirm,next_open,long,63,True,0,half1,94204,94204,91680,2524,351,0.06639124662193763,-0.004015864405229785,0.4928684627575277,0.06639124662193763,0.05256383924191775,0.03770823569551709,-0.028683010926420536,0.0,0.045509467369565675,0.008471515552726946,5.37205734750925,0.337395051632111,4.702267384481471
a2r-up-close,equity,uncapped,confirm,next_open,long,63,True,0,half2,86924,73995,72103,1892,313,0.026334758511825585,-0.01918291826478844,0.4741014799154334,0.026334758511825585,0.02030883745692343,0.014449209708367067,-0.011885548803458518,0.0,0.02555940667428456,0.009874490269419918,2.588427956979096,0.14470072084122737,1.2719867106338831
a2r-up-close,equity,uncapped,confirm,next_open,long,63,True,low,all,181128,168199,163783,4416,664,0.04684553206026824,-0.011490345741578228,0.48143115942028986,0.04922936358200737,0.03810565028734373,0.027743091409355897,-0.021486272172651474,0.0023838315217391305,0.033581034586936204,0.006465419169600581,5.193945466804245,0.20011585287644587,4.604597329888031
a2r-up-close,equity,uncapped,confirm,next_open,long,63,True,low,2021,57428,57428,55865,1563,229,0.07273240269256155,0.0016654317457740087,0.5022392834293026,0.07512779616664984,0.059437601194997754,0.07350662461892117,-0.0016211715477286806,0.002395393474088292,0.04760363002513274,0.010743167554210098,4.431060931045196,0.454772925496626,3.7439838355373416
a2r-up-close,equity,uncapped,confirm,next_open,long,63,True,low,2022,72064,72064,70274,1790,249,0.04041444505575546,-0.005639456294914945,0.48659217877094973,0.04273176349150965,0.03265852377107751,0.006877195530159771,-0.03585456796134987,0.0023173184357541906,0.03674208275575316,0.010458991166161133,3.512966228963646,0.21326214017974407,2.579947248252639
a2r-up-close,equity,uncapped,confirm,next_open,long,63,True,low,2023,51636,38707,37644,1063,186,0.019611728616997712,-0.03707417159152994,0.44214487300094074,0.022090562107120012,0.016244358990338072,-0.00440972964689005,-0.026500291754010065,0.002478833490122296,0.012084930557998438,0.01262863898127065,0.9569463958801436,0.21065917772035764,-0.7866951089148984
a2r-up-close,equity,uncapped,confirm,next_open,long,63,True,low,half1,94204,94204,91680,2524,351,0.06403783933192178,-0.005775770588639543,0.4889064976228209,0.06639124662193763,0.05256383924191775,0.03770823569551709,-0.028683010926420536,0.002353407290015848,0.04291643414837478,0.008470666929200775,5.066476407002823,0.33723632900600137,4.3772889792798315
a2r-up-close,equity,uncapped,confirm,next_open,long,63,True,low,half2,86924,73995,72103,1892,313,0.02391033990717442,-0.021543528817328385,0.4714587737843552,0.026334758511825585,0.02030883745692343,0.014449209708367067,-0.011885548803458518,0.002424418604651163,0.023112263832735114,0.009874888809178157,2.340508767172503,0.1439492639761817,0.9762561593123663
a2r-up-close,equity,uncapped,confirm,next_open,long,63,True,base,all,181128,168199,163783,4416,664,0.0444617005385291,-0.013419251320720438,0.47780797101449274,0.04922936358200737,0.03810565028734373,0.027743091409355897,-0.021486272172651474,0.004767663043478261,0.0310567719814498,0.006465177703291768,4.803699667162611,0.1992113565187944,4.189616646544827
a2r-up-close,equity,uncapped,confirm,next_open,long,63,True,base,2021,57428,57428,55865,1563,229,0.07033700921847327,-0.0007241395989274757,0.4964811260396673,0.07512779616664984,0.059437601194997754,0.07350662461892117,-0.0016211715477286806,0.004790786948176584,0.04489255883902093,0.010740887295498245,4.17959500029727,0.45441815783469447,3.4667060506286975
a2r-up-close,equity,uncapped,confirm,next_open,long,63,True,base,2022,72064,72064,70274,1790,249,0.03809712662000127,-0.007956113927511253,0.48379888268156424,0.04273176349150965,0.03265852377107751,0.006877195530159771,-0.03585456796134987,0.004634636871508381,0.03435114673219344,0.010458840577084782,3.2844125005076057,0.21270866275442532,2.2932714916290045
a2r-up-close,equity,uncapped,confirm,next_open,long,63,True,base,2023,51636,38707,37644,1063,186,0.01713289512687542,-0.03907417159152994,0.44026340545625586,0.022090562107120012,0.016244358990338072,-0.00440972964689005,-0.026500291754010065,0.004957666980244592,0.00961217787758447,0.012631821934193195,0.7609494440042079,0.2090731331887327,-1.0156638437166134
a2r-up-close,equity,uncapped,confirm,next_open,long,63,True,base,half1,94204,94204,91680,2524,351,0.06168443204190592,-0.008664027247518127,0.4845483359746434,0.06639124662193763,0.05256383924191775,0.03770823569551709,-0.028683010926420536,0.004706814580031696,0.0403234009271839,0.008469993560377451,4.760735724265055,0.33635657914925216,4.052078575043849
a2r-up-close,equity,uncapped,confirm,next_open,long,63,True,base,half2,86924,73995,72103,1892,313,0.021485921302523255,-0.023582045739350518,0.46881606765327694,0.026334758511825585,0.02030883745692343,0.014449209708367067,-0.011885548803458518,0.004848837209302326,0.020665120991185674,0.009875396610831404,2.0925864353154204,0.14316547883193795,0.680575411170706
a2r-up-close,equity,uncapped,confirm,next_open,long,63,True,high,all,181128,168199,163783,4416,664,0.03969403749505085,-0.018915580459779174,0.47078804347826086,0.04922936358200737,0.03810565028734373,0.027743091409355897,-0.021486272172651474,0.009535326086956522,0.026008246770476993,0.0064650018591491595,4.02292951140773,0.19722405630103967,3.35937388195296
a2r-up-close,equity,uncapped,confirm,next_open,long,63,True,high,2021,57428,57428,55865,1563,229,0.06554622227029668,-0.0064156440201831935,0.48624440179142675,0.07512779616664984,0.059437601194997754,0.07350662461892117,-0.0016211715477286806,0.009581573896353168,0.03947041646679731,0.010737055175809208,3.676093288197393,0.45303017796936473,2.9115547881560606
a2r-up-close,equity,uncapped,confirm,next_open,long,63,True,high,2022,72064,72064,70274,1790,249,0.033462489748492884,-0.012460238401385241,0.47653631284916204,0.04273176349150965,0.03265852377107751,0.006877195530159771,-0.03585456796134987,0.009269273743016762,0.029569274685073987,0.010458870325724071,2.8271958408688747,0.21157701563789666,1.7197079863365943
a2r-up-close,equity,uncapped,confirm,next_open,long,63,True,high,2023,51636,38707,37644,1063,186,0.012175228146630824,-0.04463338641744839,0.43838193791157104,0.022090562107120012,0.016244358990338072,-0.00440972964689005,-0.026500291754010065,0.009915333960489185,0.004666672516756524,0.01263867395747388,0.3692375111865978,0.20569568873271324,-1.4729194647731703
a2r-up-close,equity,uncapped,confirm,next_open,long,63,True,high,half1,94204,94204,91680,2524,351,0.05697761746187423,-0.013531739164816942,0.47583201267828845,0.06639124662193763,0.05256383924191775,0.03770823569551709,-0.028683010926420536,0.009413629160063393,0.03513733448480214,0.008469172743169846,4.148850844155875,0.3342488605724356,3.401055987007042
a2r-up-close,equity,uncapped,confirm,next_open,long,63,True,high,half2,86924,73995,72103,1892,313,0.016637084093220927,-0.027986705065734648,0.46405919661733613,0.026334758511825585,0.02030883745692343,0.014449209708367067,-0.011885548803458518,0.009697674418604653,0.015770835308086796,0.009876739928785832,1.5967652709091367,0.14150965177072097,0.08942024800498193
a2r-up-close,equity,uncapped,confirm,next_open,long,63,True,spec,all,181128,168199,163783,4416,664,-0.005293312780576531,-0.056642582955773624,0.4146286231884058,0.04922936358200737,0.03810565028734373,0.027743091409355897,-0.021486272172651474,0.0545226763625839,-0.02003352563444491,0.006639921869267371,-3.017132735728312,0.17430215120447187,-4.381674828367931
a2r-up-close,equity,uncapped,confirm,next_open,long,63,True,spec,2021,57428,57428,55865,1563,229,0.02100612401343013,-0.04550704495239526,0.4273832373640435,0.07512779616664984,0.059437601194997754,0.07350662461892117,-0.0016211715477286806,0.05412167215321972,-0.007431391264410112,0.011360352312123526,-0.6541514787775983,0.4235539560860126,-1.6480658932868255
a2r-up-close,equity,uncapped,confirm,next_open,long,63,True,spec,2022,72064,72064,70274,1790,249,-0.011464449869244775,-0.05266309313677695,0.41787709497206704,0.04273176349150965,0.03265852377107751,0.006877195530159771,-0.03585456796134987,0.054196213360754426,-0.01599991631887253,0.010428950766717607,-1.5341827453950403,0.19155998204837613,-3.263373887559841
a2r-up-close,equity,uncapped,confirm,next_open,long,63,True,spec,2023,51636,38707,37644,1063,186,-0.03357147300665015,-0.07782003121248021,0.39040451552210725,0.022090562107120012,0.016244358990338072,-0.00440972964689005,-0.026500291754010065,0.055662035113770165,-0.04094888848560348,0.013019468777419116,-3.145204246476244,0.17714899987359087,-4.308909877895681
a2r-up-close,equity,uncapped,confirm,next_open,long,63,True,spec,half1,94204,94204,91680,2524,351,0.013149073811280982,-0.052347859285892445,0.41798732171156894,0.06639124662193763,0.05256383924191775,0.03770823569551709,-0.028683010926420536,0.05324217281065664,-0.01022038732031746,0.008797759890945615,-1.1617033707450881,0.3087932461344607,-1.9649173038950627
a2r-up-close,equity,uncapped,confirm,next_open,long,63,True,spec,half2,86924,73995,72103,1892,313,-0.029896158318551358,-0.06422894703236964,0.41014799154334036,0.026334758511825585,0.02030883745692343,0.014449209708367067,-0.011885548803458518,0.05623091683037694,-0.031038035373290702,0.010032321774949261,-3.09380381426688,0.1210647062260515,-4.679714209098115
a2r-up-close,equity,uncapped,confirm,next_open,long,126,False,0,all,181128,168199,163783,4137,601,0.07689802376244442,-0.021804050781992823,0.47691563935218756,0.07689802376244442,0.06253797078957767,0.027833070665988686,-0.04906495309645574,0.0,0.07088589315398952,0.01058907989165118,6.694244814403428,0.1908351998905222,6.385397112517439
a2r-up-close,equity,uncapped,confirm,next_open,long,126,False,0,2021,57428,57428,55865,1563,229,0.125401154008129,0.003220967544579345,0.5022392834293026,0.125401154008129,0.10126905430011565,0.06856905765743697,-0.056832096350692037,0.0,0.113049238852679,0.021174976864366493,5.338812862786151,0.426426731691841,5.068534693388506
a2r-up-close,equity,uncapped,confirm,next_open,long,126,False,0,2022,72064,72064,70274,1790,249,0.05477756639993058,-0.026577914370045266,0.46871508379888266,0.05477756639993058,0.04542198618428688,-0.004894170254174489,-0.05967173665410507,0.0,0.055163642473829544,0.012661827596717391,4.356688799658815,0.17453465326855502,3.2910844551091603
a2r-up-close,equity,uncapped,confirm,next_open,long,126,False,0,2023,51636,38707,37644,784,123,0.0307057101207286,-0.05664185053943357,0.4451530612244898,0.0307057101207286,0.025178857660454006,0.0213425267622367,-0.00936318335849189,0.0,0.02421462692927371,0.020629196129276998,1.1738037089534605,0.2616774919169373,-1.021465872654806
a2r-up-close,equity,uncapped,confirm,next_open,long,126,False,0,half1,94204,94204,91680,2524,351,0.09626080027134015,-0.013024377973809113,0.48256735340729,0.09626080027134015,0.07839509030233502,0.014380085388044368,-0.0818807148832958,0.0,0.08784395847070557,0.01489648891267078,5.8969572619214,0.31059392679703757,5.672230756401417
a2r-up-close,equity,uncapped,confirm,next_open,long,126,False,0,half2,86924,73995,72103,1613,250,0.04659941997543091,-0.03175355191308235,0.4680719156850589,0.04659941997543091,0.03873096164213042,0.04888411520506588,0.0022846952296349623,0.0,0.0470767694493202,0.014412089915450886,3.2664776396413,0.16382874707212605,1.8874260019404512
a2r-up-close,equity,uncapped,confirm,next_open,long,126,False,low,all,181128,168199,163783,4137,601,0.07451658793938425,-0.02414455012134352,0.4749818709209572,0.07689802376244442,0.06253797078957767,0.027833070665988686,-0.04906495309645574,0.002381435823060189,0.06835091828901034,0.010586525980960894,6.456406795953135,0.18987830911445927,6.107819700649789
a2r-up-close,equity,uncapped,confirm,next_open,long,126,False,low,2021,57428,57428,55865,1563,229,0.12300576053404072,-0.00049749672728416,0.4996801023672425,0.125401154008129,0.10126905430011565,0.06856905765743697,-0.056832096350692037,0.002395393474088292,0.11033816766656716,0.02116711408629923,5.2127166328255115,0.4251788933672228,4.905055036311365
a2r-up-close,equity,uncapped,confirm,next_open,long,126,False,low,2022,72064,72064,70274,1790,249,0.05246024796417639,-0.029374236718997915,0.46759776536312847,0.05477756639993058,0.04542198618428688,-0.004894170254174489,-0.05967173665410507,0.0023173184357541906,0.052772706450269824,0.012665357093318582,4.1666970825567375,0.17408977801117934,3.0833682343871813
a2r-up-close,equity,uncapped,confirm,next_open,long,126,False,low,2023,51636,38707,37644,784,123,0.028205710120728596,-0.05859280607843573,0.44260204081632654,0.0307057101207286,0.025178857660454006,0.0213425267622367,-0.00936318335849189,0.0025000000000000005,0.021715915365318247,0.02062482399793012,1.0529018510653776,0.26019619920709125,-1.1662956996264888
a2r-up-close,equity,uncapped,confirm,next_open,long,126,False,low,half1,94204,94204,91680,2524,351,0.0939073929813243,-0.015024377973809113,0.48019017432646594,0.09626080027134015,0.07839509030233502,0.014380085388044368,-0.0818807148832958,0.002353407290015848,0.08525092524951469,0.014891417064424355,5.724836318847011,0.30956859701343037,5.453664162009062
a2r-up-close,equity,uncapped,confirm,next_open,long,126,False,low,half2,86924,73995,72103,1613,250,0.04417412549309987,-0.034391413879924615,0.46683199008059517,0.04659941997543091,0.03873096164213042,0.04888411520506588,0.0022846952296349623,0.0024252944823310602,0.0446233085164622,0.01441248972035507,3.096155444498929,0.16325451516925876,1.6964756205219658
a2r-up-close,equity,uncapped,confirm,next_open,long,126,False,base,all,181128,168199,163783,4137,601,0.07213515211632406,-0.026479581875031907,0.47353154459753444,0.07689802376244442,0.06253797078957767,0.027833070665988686,-0.04906495309645574,0.004762871646120378,0.06581594342403115,0.010584039074845472,6.218414629671241,0.18888520493583025,5.830097102794481
a2r-up-close,equity,uncapped,confirm,next_open,long,126,False,base,2021,57428,57428,55865,1563,229,0.1206103670599524,-0.002284367637948313,0.4984005118362124,0.125401154008129,0.10126905430011565,0.06856905765743697,-0.056832096350692037,0.004790786948176584,0.10762709648045535,0.021159371833739334,5.0864977148726265,0.42387918355527837,4.7413897598246635
a2r-up-close,equity,uncapped,confirm,next_open,long,126,False,base,2022,72064,72064,70274,1790,249,0.0501429295284222,-0.03187753776167476,0.4659217877094972,0.05477756639993058,0.04542198618428688,-0.004894170254174489,-0.05967173665410507,0.004634636871508381,0.0503817704267101,0.012668976672802337,3.9767829500285767,0.17359754826870982,2.8757912826453804
a2r-up-close,equity,uncapped,confirm,next_open,long,126,False,base,2023,51636,38707,37644,784,123,0.025705710120728593,-0.060692809433692506,0.4413265306122449,0.0307057101207286,0.025178857660454006,0.0213425267622367,-0.00936318335849189,0.005000000000000001,0.019217203801362784,0.020620573833449594,0.9319432115021776,0.2586894774006206,-1.3110457542236555
a2r-up-close,equity,uncapped,confirm,next_open,long,126,False,base,half1,94204,94204,91680,2524,351,0.09155398569130846,-0.017222992200847054,0.47900158478605387,0.09626080027134015,0.07839509030233502,0.014380085388044368,-0.0818807148832958,0.004706814580031696,0.0826578920283238,0.014886443251158179,5.552561524183619,0.3084653528161434,5.234892698426327
a2r-up-close,equity,uncapped,confirm,next_open,long,126,False,base,half2,86924,73995,72103,1613,250,0.0417488310107688,-0.0382188521738451,0.4649721016738996,0.04659941997543091,0.03873096164213042,0.04888411520506588,0.0022846952296349623,0.0048505889646621204,0.04216984758360421,0.014412970645014322,2.9258262312628407,0.1626702116506364,1.5056042021147489
a2r-up-close,equity,uncapped,confirm,next_open,long,126,False,high,all,181128,168199,163783,4137,601,0.06737228047020367,-0.030479581875031907,0.4674885182499396,0.07689802376244442,0.06253797078957767,0.027833070665988686,-0.04906495309645574,0.009525743292240756,0.060745993694072735,0.010579266464078169,5.7419854108349915,0.18676731549122655,5.2742450649960055
a2r-up-close,equity,uncapped,confirm,next_open,long,126,False,high,2021,57428,57428,55865,1563,229,0.11581958011177582,-0.004779032455420655,0.49392194497760716,0.125401154008129,0.10126905430011565,0.06856905765743697,-0.056832096350692037,0.009581573896353168,0.10220495410823172,0.02114424943266513,4.833699793114353,0.4212268255852158,4.385641927589619
a2r-up-close,equity,uncapped,confirm,next_open,long,126,False,high,2022,72064,72064,70274,1790,249,0.045508292656913814,-0.038170716908454375,0.4592178770949721,0.05477756639993058,0.04542198618428688,-0.004894170254174489,-0.05967173665410507,0.009269273743016762,0.04559989837959066,0.012676485769835336,3.597203452718662,0.17258899274699466,2.4314463097307732
a2r-up-close,equity,uncapped,confirm,next_open,long,126,False,high,2023,51636,38707,37644,784,123,0.02070571012072859,-0.06536951730823627,0.4336734693877551,0.0307057101207286,0.025178857660454006,0.0213425267622367,-0.00936318335849189,0.010000000000000002,0.014219780673451848,0.020612439704708756,0.689864027604818,0.2557749808647451,-1.1802967722216848
a2r-up-close,equity,uncapped,confirm,next_open,long,126,False,high,half1,94204,94204,91680,2524,351,0.08684717111127677,-0.02247575288096781,0.47385103011093505,0.09626080027134015,0.07839509030233502,0.014380085388044368,-0.0818807148832958,0.009413629160063393,0.07747182558594204,0.014876790120945338,5.2075632549838735,0.30605927188743953,4.796763055745489
a2r-up-close,equity,uncapped,confirm,next_open,long,126,False,high,half2,86924,73995,72103,1613,250,0.036898242046106665,-0.043534187105205534,0.4575325480471172,0.04659941997543091,0.03873096164213042,0.04888411520506588,0.0022846952296349623,0.009701177929324241,0.03726292571788822,0.014414175819750014,2.585158262523155,0.16139219015469264,1.1241144296300778
a2r-up-close,equity,uncapped,confirm,next_open,long,126,False,spec,all,181128,168199,163783,4137,601,0.022275061062373768,-0.06896528430603795,0.4263959390862944,0.07689802376244442,0.06253797078957767,0.027833070665988686,-0.04906495309645574,0.05462296270007065,0.014243250895964173,0.01073250386072554,1.3271135124475324,0.1629066116530814,-0.011019954768173702
a2r-up-close,equity,uncapped,confirm,next_open,long,126,False,spec,2021,57428,57428,55865,1563,229,0.0712794818549093,-0.0443716343645585,0.4484964811260397,0.125401154008129,0.10126905430011565,0.06856905765743697,-0.056832096350692037,0.05412167215321972,0.05530314637702431,0.02148584050695963,2.573934510921771,0.38531674437582714,1.1027129547677288
a2r-up-close,equity,uncapped,confirm,next_open,long,126,False,spec,2022,72064,72064,70274,1790,249,0.0005813530391761517,-0.07775367051057422,0.4195530726256983,0.05477756639993058,0.04542198618428688,-0.004894170254174489,-0.05967173665410507,0.054196213360754426,3.0707375644138024e-05,0.012730285194539243,0.0024121514306144685,0.15815532036992835,-1.2288608028018106
a2r-up-close,equity,uncapped,confirm,next_open,long,126,False,spec,2023,51636,38707,37644,784,123,-0.025890975082025803,-0.10133828400646247,0.3979591836734694,0.0307057101207286,0.025178857660454006,0.0213425267622367,-0.00936318335849189,0.0565966852027544,-0.03342986071869503,0.021145441697188058,-1.5809488019888736,0.23975743924749732,-2.778677280686139
a2r-up-close,equity,uncapped,confirm,next_open,long,126,False,spec,half1,94204,94204,91680,2524,351,0.04301862746068351,-0.06101554635768638,0.43106180665610144,0.09626080027134015,0.07839509030233502,0.014380085388044368,-0.0818807148832958,0.05324217281065664,0.03211410378082244,0.015072622249708517,2.1306248673115578,0.2730901517434782,0.5282680873205358
a2r-up-close,equity,uncapped,confirm,next_open,long,126,False,spec,half2,86924,73995,72103,1613,250,-0.010184183568335323,-0.07976119743285513,0.4190948543087415,0.04659941997543091,0.03873096164213042,0.04888411520506588,0.0022846952296349623,0.05678360354376624,-0.010847426554376835,0.0146483664841069,-0.7405212428393304,0.14538435851602557,-2.32746911270145
a2r-up-close,equity,uncapped,confirm,next_open,long,252,False,0,all,181128,168199,163783,3342,475,0.12801426884686068,-0.0259642313003281,0.47666068222621183,0.12801426884686068,0.11587754903508272,0.012082979960713086,-0.1159312888861476,0.0,0.1357939536619656,0.016772602090737693,8.09617690369909,0.21986359032159697,7.646152176193788
a2r-up-close,equity,uncapped,confirm,next_open,long,252,False,0,2021,57428,57428,55865,1563,229,0.17587310905192202,0.005349686091421307,0.5047984644913628,0.17587310905192202,0.16519613533046737,-0.014215295821856789,-0.19008840487377882,0.0,0.18817393792467535,0.028445412602331688,6.6152648427131835,0.3772018875765179,6.036046401410062
a2r-up-close,equity,uncapped,confirm,next_open,long,252,False,0,2022,72064,72064,70274,1779,246,0.08596628276450492,-0.0539116783814563,0.45193929173693087,0.08596628276450492,0.07241921075170873,0.035188210454336837,-0.05077807231016809,0.0,0.08703372440928053,0.01816136412806866,4.792245989648356,0.19335327038861128,3.818017438846848
a2r-up-close,equity,uncapped,confirm,next_open,long,252,False,0,2023,51636,38707,37644,0,0,,,,,,,,,,,,,
a2r-up-close,equity,uncapped,confirm,next_open,long,252,False,0,half1,94204,94204,91680,2524,351,0.1507556941380335,-0.015121127612395521,0.4873217115689382,0.1507556941380335,0.1381344974298526,-0.0075122378380861185,-0.15826793197611963,0.0,0.15814183767452503,0.020265517123818515,7.803493821959144,0.2835737892492646,7.3390058402873715
a2r-up-close,equity,uncapped,confirm,next_open,long,252,False,0,half2,86924,73995,72103,818,124,0.057843905234488804,-0.06555310292965805,0.44376528117359415,0.057843905234488804,0.047616152549179454,0.07254548573598096,0.014701580501492164,0.0,0.07253502391673695,0.028299007731181616,2.563164921037614,0.25124164954883743,1.4912674833318098
a2r-up-close,equity,uncapped,confirm,next_open,long,252,False,low,all,181128,168199,163783,3342,475,0.12566118686002645,-0.028072624112589376,0.47456612806702575,0.12801426884686068,0.11587754903508272,0.012082979960713086,-0.1159312888861476,0.0023530819868342314,0.13324901673953898,0.016766806631160064,7.9471911181884805,0.2192071723229649,7.4962244124542154
a2r-up-close,equity,uncapped,confirm,next_open,long,252,False,low,2021,57428,57428,55865,1563,229,0.17347771557783373,0.0019262082509304036,0.5028790786948176,0.17587310905192202,0.16519613533046737,-0.014215295821856789,-0.19008840487377882,0.002395393474088292,0.18546286673856355,0.028431699831779664,6.523101602643595,0.3763834454852814,5.941701917626169
a2r-up-close,equity,uncapped,confirm,next_open,long,252,False,low,2022,72064,72064,70274,1779,246,0.08365037495112662,-0.055424447829358375,0.44969083754918493,0.08596628276450492,0.07241921075170873,0.035188210454336837,-0.05077807231016809,0.002315907813378303,0.0846434409274389,0.018163484467045698,4.660088271113886,0.19314821866674903,3.6714555889041844
a2r-up-close,equity,uncapped,confirm,next_open,long,252,False,low,2023,51636,38707,37644,0,0,,,,,,,,,,,,,
a2r-up-close,equity,uncapped,confirm,next_open,long,252,False,low,half1,94204,94204,91680,2524,351,0.14840228684801768,-0.016306089172791763,0.4857369255150555,0.1507556941380335,0.1381344974298526,-0.0075122378380861185,-0.15826793197611963,0.002353407290015848,0.1555488044533341,0.02025680821518931,7.678840753238599,0.28299284533256885,7.21209203249235
a2r-up-close,equity,uncapped,confirm,next_open,long,252,False,low,half2,86924,73995,72103,818,124,0.055491826994880006,-0.06805310292965805,0.4400977995110024,0.057843905234488804,0.047616152549179454,0.07254548573598096,0.014701580501492164,0.0023520782396088025,0.07012623054968338,0.028301878039468015,2.4777942457348505,0.2510765279743933,1.3893424376452452
a2r-up-close,equity,uncapped,confirm,next_open,long,252,False,base,all,181128,168199,163783,3342,475,0.12330810487319221,-0.029572624112589374,0.47127468581687615,0.12801426884686068,0.11587754903508272,0.012082979960713086,-0.1159312888861476,0.004706163973668463,0.13070407981711238,0.016761067339074093,7.798076170985222,0.21852238435721902,7.346158941061408
a2r-up-close,equity,uncapped,confirm,next_open,long,252,False,base,2021,57428,57428,55865,1563,229,0.17108232210374544,-0.0017210571710481667,0.49776071657069737,0.17587310905192202,0.16519613533046737,-0.014215295821856789,-0.19008840487377882,0.004790786948176584,0.1827517955524517,0.02841807235989156,6.430830115359346,0.3755499736248153,5.847246103657809
a2r-up-close,equity,uncapped,confirm,next_open,long,252,False,base,2022,72064,72064,70274,1779,246,0.08133446713774832,-0.05742444782935838,0.4480044969083755,0.08596628276450492,0.07241921075170873,0.035188210454336837,-0.05077807231016809,0.004631815626756606,0.0822531574455973,0.01816566935228597,4.5279453154445175,0.19290521211553022,3.5249244684920136
a2r-up-close,equity,uncapped,confirm,next_open,long,252,False,base,2023,51636,38707,37644,0,0,,,,,,,,,,,,,
a2r-up-close,equity,uncapped,confirm,next_open,long,252,False,base,half1,94204,94204,91680,2524,351,0.1460488795580018,-0.020226666850671503,0.48177496038034867,0.1507556941380335,0.1381344974298526,-0.0075122378380861185,-0.15826793197611963,0.004706814580031696,0.15295577123214324,0.02024816890635199,7.554054489547445,0.2823972285676991,7.085035110548632
a2r-up-close,equity,uncapped,confirm,next_open,long,252,False,base,half2,86924,73995,72103,818,124,0.05313974875527121,-0.07055310292965805,0.4388753056234719,0.057843905234488804,0.047616152549179454,0.07254548573598096,0.014701580501492164,0.004704156479217605,0.06771743718262982,0.028304826740028096,2.3924342588137177,0.250824482208824,1.28742154767278
a2r-up-close,equity,uncapped,confirm,next_open,long,252,False,high,all,181128,168199,163783,3342,475,0.11860194089952375,-0.032840100732479845,0.4664871334530221,0.12801426884686068,0.11587754903508272,0.012082979960713086,-0.1159312888861476,0.009412327947336926,0.12561420597225914,0.016749757487761096,7.499464160244968,0.21701269175691937,7.045620398477874
a2r-up-close,equity,uncapped,confirm,next_open,long,252,False,high,2021,57428,57428,55865,1563,229,0.16629153515556885,-0.009055869125951185,0.4932821497120921,0.17587310905192202,0.16519613533046737,-0.014215295821856789,-0.19008840487377882,0.009581573896353168,0.1773296531802281,0.028391073802649797,6.2459649963530985,0.3738417178591778,5.6580034697590955
a2r-up-close,equity,uncapped,confirm,next_open,long,252,False,high,2022,72064,72064,70274,1779,246,0.0767026515109917,-0.059429952075707115,0.44294547498594716,0.08596628276450492,0.07241921075170873,0.035188210454336837,-0.05077807231016809,0.009263631253513212,0.07747259048191407,0.018170232667731736,4.263709326050435,0.19220482582275022,3.2319625262606233
a2r-up-close,equity,uncapped,confirm,next_open,long,252,False,high,2023,51636,38707,37644,0,0,,,,,,,,,,,,,
a2r-up-close,equity,uncapped,confirm,next_open,long,252,False,high,half1,94204,94204,91680,2524,351,0.1413420649779701,-0.02605533730319991,0.4766244057052298,0.1507556941380335,0.1381344974298526,-0.0075122378380861185,-0.15826793197611963,0.009413629160063393,0.14776970478976148,0.020231099443989993,7.304086720490076,0.28107885243164565,6.830496579731607
a2r-up-close,equity,uncapped,confirm,next_open,long,252,False,high,half2,86924,73995,72103,818,124,0.048435592276053596,-0.07303226322032738,0.4352078239608802,0.057843905234488804,0.047616152549179454,0.07254548573598096,0.014701580501492164,0.00940831295843521,0.06289985044852268,0.028310959219339668,2.221749180633724,0.25003324284084527,1.083597710933226
a2r-up-close,equity,uncapped,confirm,next_open,long,252,False,spec,all,181128,168199,163783,3342,475,0.07385386746186602,-0.07214667383369275,0.4347695990424895,0.12801426884686068,0.11587754903508272,0.012082979960713086,-0.1159312888861476,0.054160401384994644,0.07941067164428763,0.016916937294277564,4.694151799637492,0.19196788989455374,4.117311552174356
a2r-up-close,equity,uncapped,confirm,next_open,long,252,False,spec,2021,57428,57428,55865,1563,229,0.12175143689870233,-0.042070836761912304,0.46257197696737046,0.17587310905192202,0.16519613533046737,-0.014215295821856789,-0.19008840487377882,0.05412167215321972,0.1304278454490207,0.028711079053882618,4.542770587070041,0.3367023721066246,3.9333647471352995
a2r-up-close,equity,uncapped,confirm,next_open,long,252,False,spec,2022,72064,72064,70274,1779,246,0.03177185451651747,-0.10390656092177261,0.41034288926363127,0.08596628276450492,0.07241921075170873,0.035188210454336837,-0.05077807231016809,0.05419442824798746,0.03191907489110114,0.01832701965431068,1.7416402390114474,0.1836965349438608,0.7341340900599796
a2r-up-close,equity,uncapped,confirm,next_open,long,252,False,spec,2023,51636,38707,37644,0,0,,,,,,,,,,,,,
a2r-up-close,equity,uncapped,confirm,next_open,long,252,False,spec,half1,94204,94204,91680,2524,351,0.09751352132737685,-0.06361447049935616,0.4469096671949287,0.1507556941380335,0.1381344974298526,-0.0075122378380861185,-0.15826793197611963,0.05324217281065664,0.1024119829846419,0.020417484904898357,5.015896103837561,0.2547207737687259,4.419117527990333
a2r-up-close,equity,uncapped,confirm,next_open,long,252,False,spec,half2,86924,73995,72103,818,124,0.0008502411091162373,-0.11448682715488798,0.3973105134474328,0.057843905234488804,0.047616152549179454,0.07254548573598096,0.014701580501492164,0.05699366412537257,0.014302120995381586,0.028639220392177322,0.4993893269276334,0.23789228648639063,-0.4602236979607616
a2r-up-close,equity,uncapped,confirm,close,long,63,True,0,all,181128,168333,163879,4454,664,0.0515162008541772,-0.008366156316013458,0.48810058374494836,0.0515162008541772,0.0410678712506133,0.03233926619061613,-0.019176934663561067,0.0,0.04109134278687043,0.006786620285716733,6.054757899650309,0.19599465175874253,5.4905776558471775
a2r-up-close,equity,uncapped,confirm,close,long,63,True,0,2021,57428,57428,55853,1575,228,0.07741685756641253,-0.0008072166394600122,0.4996825396825397,0.07741685756641253,0.06072392485731028,0.08225847027717911,0.0048416127107665605,0.0,0.05173361313350753,0.010779575081175653,4.799225641449431,0.44678234090624885,4.0289371843042545
a2r-up-close,equity,uncapped,confirm,close,long,63,True,0,2022,72064,72064,70256,1808,249,0.04384083070364146,-0.003224937358357015,0.4928097345132743,0.04384083070364146,0.035632954091718023,0.007130876782531399,-0.036709953921110046,0.0,0.04422096686514392,0.011360477090794087,3.8925272690332866,0.22081084094158493,2.8465807504451464
a2r-up-close,equity,uncapped,confirm,close,long,63,True,0,2023,51636,38841,37770,1071,187,0.02638411393578126,-0.025778374108917868,0.4631185807656396,0.02638411393578126,0.021435000861925086,0.0014840109277594528,-0.0249001030080218,0.0,0.023948486987280287,0.013361194265862382,1.7923911972800404,0.21243599227711565,0.41874456669859306
a2r-up-close,equity,uncapped,confirm,close,long,63,True,0,half1,94204,94204,91664,2540,352,0.06834306202339145,-0.007333083973386028,0.4905511811023622,0.06834306202339145,0.054077455170973426,0.04207513547878734,-0.026267926544604116,0.0,0.05014839302063861,0.008407038022732018,5.965048913189284,0.3255936994263385,5.18849111188478
a2r-up-close,equity,uncapped,confirm,close,long,63,True,0,half2,86924,74129,72215,1914,312,0.029185883524080948,-0.010344381889678888,0.48484848484848486,0.029185883524080948,0.024139842025512837,0.01941914707256237,-0.009766736451518581,0.0,0.03087313226672172,0.010878247621995287,2.8380611785576333,0.15537871978070644,1.812584222678764
a2r-up-close,equity,uncapped,confirm,close,long,63,True,base,all,181128,168333,163879,4454,664,0.04675104593724859,-0.01358323229452528,0.4802424786708577,0.0515162008541772,0.0410678712506133,0.03233926619061613,-0.019176934663561067,0.004765154916928604,0.03606260310211852,0.006782529414641092,5.316984401759035,0.19504728111663847,4.73755869755545
a2r-up-close,equity,uncapped,confirm,close,long,63,True,base,2021,57428,57428,55853,1575,228,0.07261812740768238,-0.005989086591561997,0.49142857142857144,0.07741685756641253,0.06072392485731028,0.08225847027717911,0.0048416127107665605,0.004798730158730159,0.046376267002246015,0.010769597378777496,4.306221056474666,0.4457388713436686,3.497282314013897
a2r-up-close,equity,uncapped,confirm,close,long,63,True,base,2022,72064,72064,70256,1808,249,0.03922910503992464,-0.007750850244064574,0.48396017699115046,0.04384083070364146,0.035632954091718023,0.007130876782531399,-0.036709953921110046,0.004611725663716815,0.03947778660995799,0.011356772558397841,3.4761448648336164,0.21898284395551054,2.3970857344814243
a2r-up-close,equity,uncapped,confirm,close,long,63,True,base,2023,51636,38841,37770,1071,187,0.02140932401981487,-0.029686178455674922,0.45751633986928103,0.02638411393578126,0.021435000861925086,0.0014840109277594528,-0.0249001030080218,0.004974789915966387,0.01894016426425168,0.01335379368666133,1.418335845878044,0.2109130613441686,-0.020826439180593584
a2r-up-close,equity,uncapped,confirm,close,long,63,True,base,half1,94204,94204,91664,2540,352,0.06364069981866705,-0.012274804975185407,0.4822834645669291,0.06834306202339145,0.054077455170973426,0.04207513547878734,-0.026267926544604116,0.004702362204724411,0.04503079043874024,0.008401643969448864,5.3597594235707895,0.325971815065994,4.545393496037657
a2r-up-close,equity,uncapped,confirm,close,long,63,True,base,half2,86924,74129,72215,1914,312,0.0243373986755961,-0.015396954904244108,0.477533960292581,0.029185883524080948,0.024139842025512837,0.01941914707256237,-0.009766736451518581,0.004848484848484849,0.025944648158237608,0.010872545193565666,2.3862534205506507,0.15363577513576318,1.3403101706223342
a2r-up-close,equity,uncapped,confirm,next_close,long,63,True,0,all,181128,168199,163783,4416,664,0.048751973301663705,-0.008748585914590412,0.48845108695652173,0.048751973301663705,0.03927205617142726,0.025538535436688006,-0.0232134378649757,0.0,0.03764955146672197,0.006424028411841569,5.860738628945294,0.19802309648214872,5.358598030514198
a2r-up-close,equity,uncapped,confirm,next_close,long,63,True,0,2021,57428,57428,55865,1563,229,0.07368024613684611,0.00876929360183918,0.5099168266154831,0.07368024613684611,0.05993403164331112,0.06579678850334633,-0.00788345763349976,0.0,0.05343274450529459,0.010222826357796512,5.22680740483709,0.4445481494135356,4.484591281953353
a2r-up-close,equity,uncapped,confirm,next_close,long,63,True,0,2022,72064,72064,70274,1790,249,0.0438291825985214,-0.008331635808245384,0.49162011173184356,0.0438291825985214,0.033293632520194766,0.008388333685420916,-0.03544084891310049,0.0,0.04093055865953398,0.010782419346110364,3.796045891527973,0.21718947314849207,2.8214025875326505
a2r-up-close,equity,uncapped,confirm,next_close,long,63,True,0,2023,51636,38707,37644,1063,186,0.02038781988419865,-0.03575133876371278,0.451552210724365,0.02038781988419865,0.015253987119448262,-0.004776411325700378,-0.025164231209899024,0.0,0.013825239655736362,0.012488247823570678,1.1070600016154555,0.215575960315309,-0.6223940820130072
a2r-up-close,equity,uncapped,confirm,next_close,long,63,True,0,half1,94204,94204,91680,2524,351,0.06480319321308702,-0.0031208961862029608,0.4948494453248811,0.06480319321308702,0.052710208241075605,0.03227370883512213,-0.03252948437796487,0.0,0.047310258038005294,0.008156388898286866,5.800392628157069,0.32817415990359977,5.169051877791138
a2r-up-close,equity,uncapped,confirm,next_close,long,63,True,0,half2,86924,73995,72103,1892,313,0.027339035111160318,-0.018990521574962053,0.4799154334038055,0.027339035111160318,0.021494988318800347,0.0165535578163668,-0.010785477294793525,0.0,0.026815979560905843,0.010081414422448542,2.6599421903730116,0.1502815644947496,1.3429594561576992
a2r-up-close,equity,uncapped,confirm,next_close,long,63,True,base,all,181128,168199,163783,4416,664,0.04398431025818544,-0.014060026461282415,0.48233695652173914,0.048751973301663705,0.03927205617142726,0.025538535436688006,-0.0232134378649757,0.004767663043478261,0.03260102625574915,0.006423443304533025,5.07531937469466,0.19669886115920482,4.514023336549255
a2r-up-close,equity,uncapped,confirm,next_close,long,63,True,base,2021,57428,57428,55865,1563,229,0.06888945918866952,0.003073512728896447,0.5047984644913628,0.07368024613684611,0.05993403164331112,0.06579678850334633,-0.00788345763349976,0.004790786948176584,0.04801060213307098,0.010217372660916362,4.698918570007905,0.4462979520244305,3.929825158169978
a2r-up-close,equity,uncapped,confirm,next_close,long,63,True,base,2022,72064,72064,70274,1790,249,0.039194545727013023,-0.01357028010135428,0.48379888268156424,0.0438291825985214,0.033293632520194766,0.008388333685420916,-0.03544084891310049,0.004634636871508381,0.03614868661241454,0.01078244416830247,3.352550316808698,0.21558272494554365,2.503854316699042
a2r-up-close,equity,uncapped,confirm,next_close,long,63,True,base,2023,51636,38707,37644,1063,186,0.015430152903954057,-0.04031755192819822,0.4468485418626529,0.02038781988419865,0.015253987119448262,-0.004776411325700378,-0.025164231209899024,0.004957666980244592,0.008879734294908417,0.0124947671315212,0.7106762536219702,0.21257924918034413,-1.088233974271425
a2r-up-close,equity,uncapped,confirm,next_close,long,63,True,base,half1,94204,94204,91680,2524,351,0.060096378633055315,-0.008697622526973684,0.4896988906497623,0.06480319321308702,0.052710208241075605,0.03227370883512213,-0.03252948437796487,0.004706814580031696,0.042124191595623535,0.008154540176812749,5.165734754168326,0.3278743089974659,4.494392437097484
a2r-up-close,equity,uncapped,confirm,next_close,long,63,True,base,half2,86924,73995,72103,1892,313,0.02249019790185799,-0.02274968007497908,0.4725158562367865,0.027339035111160318,0.021494988318800347,0.0165535578163668,-0.010785477294793525,0.004848837209302326,0.02192169387780696,0.01008261286093064,2.174207636470092,0.14879893342473854,0.751140754938873
